<?xml version="1.0" ?>
<assessment xmlns="http://www.imsglobal.org/xsd/ims_qtiasiv1p2" xmlns:xsi="http://www.w3.org/2001/XMLSchema-instance" xsi:schemaLocation="http://www.imsglobal.org/xsd/ims_qtiasiv1p2 http://www.imsglobal.org/xsd/ims_qtiasiv1p2p1.xsd" ident="assessment_27a2613e" title="Counting Principles Quiz f25">
  <qtimetadata>
    <qtimetadatafield>
      <fieldlabel>cc_maxattempts</fieldlabel>
      <fieldentry>1</fieldentry>
    </qtimetadatafield>
  </qtimetadata>
  <section ident="root_section">
    <item ident="question_1_de1d7657" title="Question 1">
      <itemmetadata>
        <qtimetadata>
          <qtimetadatafield>
            <fieldlabel>question_type</fieldlabel>
            <fieldentry>multiple_choice_question</fieldentry>
          </qtimetadatafield>
          <qtimetadatafield>
            <fieldlabel>points_possible</fieldlabel>
            <fieldentry>1.0</fieldentry>
          </qtimetadatafield>
          <qtimetadatafield>
            <fieldlabel>original_answer_ids</fieldlabel>
            <fieldentry/>
          </qtimetadatafield>
          <qtimetadatafield>
            <fieldlabel>assessment_question_identifierref</fieldlabel>
            <fieldentry>question_1</fieldentry>
          </qtimetadatafield>
        </qtimetadata>
      </itemmetadata>
      <presentation>
        <material>
          <mattext texttype="text/html">&lt;p&gt;The Fundamental Counting Principle states that if one event has m ways and another independent event has n ways, the total number of ways both can occur is m + n.&lt;/p&gt;</mattext>
        </material>
        <response_lid ident="response1" rcardinality="Single">
          <render_choice/>
        </response_lid>
      </presentation>
      <resprocessing>
        <outcomes>
          <decvar maxvalue="100" minvalue="0" varname="SCORE" vartype="Decimal"/>
        </outcomes>
      </resprocessing>
      <itemfeedback ident="correct_fb">
        <flow_mat>
          <material>
            <mattext texttype="text/html">&lt;p&gt;Correct!&lt;/p&gt;</mattext>
          </material>
        </flow_mat>
      </itemfeedback>
      <itemfeedback ident="general_fb">
        <flow_mat>
          <material>
            <mattext texttype="text/html">&lt;p&gt;Incorrect.&lt;/p&gt;</mattext>
          </material>
        </flow_mat>
      </itemfeedback>
    </item>
    <item ident="question_2_637de9aa" title="Question 2">
      <itemmetadata>
        <qtimetadata>
          <qtimetadatafield>
            <fieldlabel>question_type</fieldlabel>
            <fieldentry>multiple_choice_question</fieldentry>
          </qtimetadatafield>
          <qtimetadatafield>
            <fieldlabel>points_possible</fieldlabel>
            <fieldentry>1.0</fieldentry>
          </qtimetadatafield>
          <qtimetadatafield>
            <fieldlabel>original_answer_ids</fieldlabel>
            <fieldentry/>
          </qtimetadatafield>
          <qtimetadatafield>
            <fieldlabel>assessment_question_identifierref</fieldlabel>
            <fieldentry>question_2</fieldentry>
          </qtimetadatafield>
        </qtimetadata>
      </itemmetadata>
      <presentation>
        <material>
          <mattext texttype="text/html">&lt;p&gt;In permutations, the order of selection matters.&lt;/p&gt;</mattext>
        </material>
        <response_lid ident="response1" rcardinality="Single">
          <render_choice/>
        </response_lid>
      </presentation>
      <resprocessing>
        <outcomes>
          <decvar maxvalue="100" minvalue="0" varname="SCORE" vartype="Decimal"/>
        </outcomes>
      </resprocessing>
      <itemfeedback ident="correct_fb">
        <flow_mat>
          <material>
            <mattext texttype="text/html">&lt;p&gt;Correct!&lt;/p&gt;</mattext>
          </material>
        </flow_mat>
      </itemfeedback>
      <itemfeedback ident="general_fb">
        <flow_mat>
          <material>
            <mattext texttype="text/html">&lt;p&gt;Incorrect.&lt;/p&gt;</mattext>
          </material>
        </flow_mat>
      </itemfeedback>
    </item>
    <item ident="question_3_f0e41695" title="Question 3">
      <itemmetadata>
        <qtimetadata>
          <qtimetadatafield>
            <fieldlabel>question_type</fieldlabel>
            <fieldentry>multiple_choice_question</fieldentry>
          </qtimetadatafield>
          <qtimetadatafield>
            <fieldlabel>points_possible</fieldlabel>
            <fieldentry>1.0</fieldentry>
          </qtimetadatafield>
          <qtimetadatafield>
            <fieldlabel>original_answer_ids</fieldlabel>
            <fieldentry/>
          </qtimetadatafield>
          <qtimetadatafield>
            <fieldlabel>assessment_question_identifierref</fieldlabel>
            <fieldentry>question_3</fieldentry>
          </qtimetadatafield>
        </qtimetadata>
      </itemmetadata>
      <presentation>
        <material>
          <mattext texttype="text/html">&lt;p&gt;The formula for combinations is C(n, r) = n! / (n - r)!&lt;/p&gt;</mattext>
        </material>
        <response_lid ident="response1" rcardinality="Single">
          <render_choice/>
        </response_lid>
      </presentation>
      <resprocessing>
        <outcomes>
          <decvar maxvalue="100" minvalue="0" varname="SCORE" vartype="Decimal"/>
        </outcomes>
      </resprocessing>
      <itemfeedback ident="correct_fb">
        <flow_mat>
          <material>
            <mattext texttype="text/html">&lt;p&gt;Correct!&lt;/p&gt;</mattext>
          </material>
        </flow_mat>
      </itemfeedback>
      <itemfeedback ident="general_fb">
        <flow_mat>
          <material>
            <mattext texttype="text/html">&lt;p&gt;Incorrect.&lt;/p&gt;</mattext>
          </material>
        </flow_mat>
      </itemfeedback>
    </item>
    <item ident="question_4_1146fdfb" title="Question 4">
      <itemmetadata>
        <qtimetadata>
          <qtimetadatafield>
            <fieldlabel>question_type</fieldlabel>
            <fieldentry>multiple_choice_question</fieldentry>
          </qtimetadatafield>
          <qtimetadatafield>
            <fieldlabel>points_possible</fieldlabel>
            <fieldentry>1.0</fieldentry>
          </qtimetadatafield>
          <qtimetadatafield>
            <fieldlabel>original_answer_ids</fieldlabel>
            <fieldentry/>
          </qtimetadatafield>
          <qtimetadatafield>
            <fieldlabel>assessment_question_identifierref</fieldlabel>
            <fieldentry>question_4</fieldentry>
          </qtimetadatafield>
        </qtimetadata>
      </itemmetadata>
      <presentation>
        <material>
          <mattext texttype="text/html">&lt;p&gt;P(5, 3) means selecting and arranging 3 items from 5 items.&lt;/p&gt;</mattext>
        </material>
        <response_lid ident="response1" rcardinality="Single">
          <render_choice/>
        </response_lid>
      </presentation>
      <resprocessing>
        <outcomes>
          <decvar maxvalue="100" minvalue="0" varname="SCORE" vartype="Decimal"/>
        </outcomes>
      </resprocessing>
      <itemfeedback ident="correct_fb">
        <flow_mat>
          <material>
            <mattext texttype="text/html">&lt;p&gt;Correct!&lt;/p&gt;</mattext>
          </material>
        </flow_mat>
      </itemfeedback>
      <itemfeedback ident="general_fb">
        <flow_mat>
          <material>
            <mattext texttype="text/html">&lt;p&gt;Incorrect.&lt;/p&gt;</mattext>
          </material>
        </flow_mat>
      </itemfeedback>
    </item>
    <item ident="question_5_15a3e534" title="Question 5">
      <itemmetadata>
        <qtimetadata>
          <qtimetadatafield>
            <fieldlabel>question_type</fieldlabel>
            <fieldentry>multiple_choice_question</fieldentry>
          </qtimetadatafield>
          <qtimetadatafield>
            <fieldlabel>points_possible</fieldlabel>
            <fieldentry>1.0</fieldentry>
          </qtimetadatafield>
          <qtimetadatafield>
            <fieldlabel>original_answer_ids</fieldlabel>
            <fieldentry/>
          </qtimetadatafield>
          <qtimetadatafield>
            <fieldlabel>assessment_question_identifierref</fieldlabel>
            <fieldentry>question_5</fieldentry>
          </qtimetadatafield>
        </qtimetadata>
      </itemmetadata>
      <presentation>
        <material>
          <mattext texttype="text/html">&lt;p&gt;Tree diagrams are most useful for problems with many steps (more than 10).&lt;/p&gt;</mattext>
        </material>
        <response_lid ident="response1" rcardinality="Single">
          <render_choice/>
        </response_lid>
      </presentation>
      <resprocessing>
        <outcomes>
          <decvar maxvalue="100" minvalue="0" varname="SCORE" vartype="Decimal"/>
        </outcomes>
      </resprocessing>
      <itemfeedback ident="correct_fb">
        <flow_mat>
          <material>
            <mattext texttype="text/html">&lt;p&gt;Correct!&lt;/p&gt;</mattext>
          </material>
        </flow_mat>
      </itemfeedback>
      <itemfeedback ident="general_fb">
        <flow_mat>
          <material>
            <mattext texttype="text/html">&lt;p&gt;Incorrect.&lt;/p&gt;</mattext>
          </material>
        </flow_mat>
      </itemfeedback>
    </item>
    <item ident="question_6_9f66a765" title="Question 6">
      <itemmetadata>
        <qtimetadata>
          <qtimetadatafield>
            <fieldlabel>question_type</fieldlabel>
            <fieldentry>multiple_choice_question</fieldentry>
          </qtimetadatafield>
          <qtimetadatafield>
            <fieldlabel>points_possible</fieldlabel>
            <fieldentry>1.0</fieldentry>
          </qtimetadatafield>
          <qtimetadatafield>
            <fieldlabel>original_answer_ids</fieldlabel>
            <fieldentry/>
          </qtimetadatafield>
          <qtimetadatafield>
            <fieldlabel>assessment_question_identifierref</fieldlabel>
            <fieldentry>question_6</fieldentry>
          </qtimetadatafield>
        </qtimetadata>
      </itemmetadata>
      <presentation>
        <material>
          <mattext texttype="text/html">&lt;p&gt;When choosing pizza toppings, we use permutations because the order of toppings matters.&lt;/p&gt;</mattext>
        </material>
        <response_lid ident="response1" rcardinality="Single">
          <render_choice/>
        </response_lid>
      </presentation>
      <resprocessing>
        <outcomes>
          <decvar maxvalue="100" minvalue="0" varname="SCORE" vartype="Decimal"/>
        </outcomes>
      </resprocessing>
      <itemfeedback ident="correct_fb">
        <flow_mat>
          <material>
            <mattext texttype="text/html">&lt;p&gt;Correct!&lt;/p&gt;</mattext>
          </material>
        </flow_mat>
      </itemfeedback>
      <itemfeedback ident="general_fb">
        <flow_mat>
          <material>
            <mattext texttype="text/html">&lt;p&gt;Incorrect.&lt;/p&gt;</mattext>
          </material>
        </flow_mat>
      </itemfeedback>
    </item>
    <item ident="question_7_5c18b25e" title="Question 7">
      <itemmetadata>
        <qtimetadata>
          <qtimetadatafield>
            <fieldlabel>question_type</fieldlabel>
            <fieldentry>multiple_choice_question</fieldentry>
          </qtimetadatafield>
          <qtimetadatafield>
            <fieldlabel>points_possible</fieldlabel>
            <fieldentry>1.0</fieldentry>
          </qtimetadatafield>
          <qtimetadatafield>
            <fieldlabel>original_answer_ids</fieldlabel>
            <fieldentry/>
          </qtimetadatafield>
          <qtimetadatafield>
            <fieldlabel>assessment_question_identifierref</fieldlabel>
            <fieldentry>question_7</fieldentry>
          </qtimetadatafield>
        </qtimetadata>
      </itemmetadata>
      <presentation>
        <material>
          <mattext texttype="text/html">&lt;p&gt;The number of ways to arrange n distinct objects in a row is n!&lt;/p&gt;</mattext>
        </material>
        <response_lid ident="response1" rcardinality="Single">
          <render_choice/>
        </response_lid>
      </presentation>
      <resprocessing>
        <outcomes>
          <decvar maxvalue="100" minvalue="0" varname="SCORE" vartype="Decimal"/>
        </outcomes>
      </resprocessing>
      <itemfeedback ident="correct_fb">
        <flow_mat>
          <material>
            <mattext texttype="text/html">&lt;p&gt;Correct!&lt;/p&gt;</mattext>
          </material>
        </flow_mat>
      </itemfeedback>
      <itemfeedback ident="general_fb">
        <flow_mat>
          <material>
            <mattext texttype="text/html">&lt;p&gt;Incorrect.&lt;/p&gt;</mattext>
          </material>
        </flow_mat>
      </itemfeedback>
    </item>
    <item ident="question_8_10eade57" title="Question 8">
      <itemmetadata>
        <qtimetadata>
          <qtimetadatafield>
            <fieldlabel>question_type</fieldlabel>
            <fieldentry>multiple_choice_question</fieldentry>
          </qtimetadatafield>
          <qtimetadatafield>
            <fieldlabel>points_possible</fieldlabel>
            <fieldentry>1.0</fieldentry>
          </qtimetadatafield>
          <qtimetadatafield>
            <fieldlabel>original_answer_ids</fieldlabel>
            <fieldentry/>
          </qtimetadatafield>
          <qtimetadatafield>
            <fieldlabel>assessment_question_identifierref</fieldlabel>
            <fieldentry>question_8</fieldentry>
          </qtimetadatafield>
        </qtimetadata>
      </itemmetadata>
      <presentation>
        <material>
          <mattext texttype="text/html">&lt;p&gt;C(10, 3) = C(10, 7)&lt;/p&gt;</mattext>
        </material>
        <response_lid ident="response1" rcardinality="Single">
          <render_choice/>
        </response_lid>
      </presentation>
      <resprocessing>
        <outcomes>
          <decvar maxvalue="100" minvalue="0" varname="SCORE" vartype="Decimal"/>
        </outcomes>
      </resprocessing>
      <itemfeedback ident="correct_fb">
        <flow_mat>
          <material>
            <mattext texttype="text/html">&lt;p&gt;Correct!&lt;/p&gt;</mattext>
          </material>
        </flow_mat>
      </itemfeedback>
      <itemfeedback ident="general_fb">
        <flow_mat>
          <material>
            <mattext texttype="text/html">&lt;p&gt;Incorrect.&lt;/p&gt;</mattext>
          </material>
        </flow_mat>
      </itemfeedback>
    </item>
    <item ident="question_9_5e2d55f1" title="Question 9">
      <itemmetadata>
        <qtimetadata>
          <qtimetadatafield>
            <fieldlabel>question_type</fieldlabel>
            <fieldentry>multiple_choice_question</fieldentry>
          </qtimetadatafield>
          <qtimetadatafield>
            <fieldlabel>points_possible</fieldlabel>
            <fieldentry>1.0</fieldentry>
          </qtimetadatafield>
          <qtimetadatafield>
            <fieldlabel>original_answer_ids</fieldlabel>
            <fieldentry/>
          </qtimetadatafield>
          <qtimetadatafield>
            <fieldlabel>assessment_question_identifierref</fieldlabel>
            <fieldentry>question_9</fieldentry>
          </qtimetadatafield>
        </qtimetadata>
      </itemmetadata>
      <presentation>
        <material>
          <mattext texttype="text/html">&lt;p&gt;If you're selecting a president, vice president, and treasurer from 10 people, you would use combinations.&lt;/p&gt;</mattext>
        </material>
        <response_lid ident="response1" rcardinality="Single">
          <render_choice/>
        </response_lid>
      </presentation>
      <resprocessing>
        <outcomes>
          <decvar maxvalue="100" minvalue="0" varname="SCORE" vartype="Decimal"/>
        </outcomes>
      </resprocessing>
      <itemfeedback ident="correct_fb">
        <flow_mat>
          <material>
            <mattext texttype="text/html">&lt;p&gt;Correct!&lt;/p&gt;</mattext>
          </material>
        </flow_mat>
      </itemfeedback>
      <itemfeedback ident="general_fb">
        <flow_mat>
          <material>
            <mattext texttype="text/html">&lt;p&gt;Incorrect.&lt;/p&gt;</mattext>
          </material>
        </flow_mat>
      </itemfeedback>
    </item>
    <item ident="question_10_c3892e62" title="Question 10">
      <itemmetadata>
        <qtimetadata>
          <qtimetadatafield>
            <fieldlabel>question_type</fieldlabel>
            <fieldentry>multiple_choice_question</fieldentry>
          </qtimetadatafield>
          <qtimetadatafield>
            <fieldlabel>points_possible</fieldlabel>
            <fieldentry>1.0</fieldentry>
          </qtimetadatafield>
          <qtimetadatafield>
            <fieldlabel>original_answer_ids</fieldlabel>
            <fieldentry/>
          </qtimetadatafield>
          <qtimetadatafield>
            <fieldlabel>assessment_question_identifierref</fieldlabel>
            <fieldentry>question_10</fieldentry>
          </qtimetadatafield>
        </qtimetadata>
      </itemmetadata>
      <presentation>
        <material>
          <mattext texttype="text/html">&lt;p&gt;The Fundamental Counting Principle can be applied when events are dependent on each other.&lt;/p&gt;</mattext>
        </material>
        <response_lid ident="response1" rcardinality="Single">
          <render_choice/>
        </response_lid>
      </presentation>
      <resprocessing>
        <outcomes>
          <decvar maxvalue="100" minvalue="0" varname="SCORE" vartype="Decimal"/>
        </outcomes>
      </resprocessing>
      <itemfeedback ident="correct_fb">
        <flow_mat>
          <material>
            <mattext texttype="text/html">&lt;p&gt;Correct!&lt;/p&gt;</mattext>
          </material>
        </flow_mat>
      </itemfeedback>
      <itemfeedback ident="general_fb">
        <flow_mat>
          <material>
            <mattext texttype="text/html">&lt;p&gt;Incorrect.&lt;/p&gt;</mattext>
          </material>
        </flow_mat>
      </itemfeedback>
    </item>
    <item ident="question_11_7d273e81" title="Question 11">
      <itemmetadata>
        <qtimetadata>
          <qtimetadatafield>
            <fieldlabel>question_type</fieldlabel>
            <fieldentry>multiple_choice_question</fieldentry>
          </qtimetadatafield>
          <qtimetadatafield>
            <fieldlabel>points_possible</fieldlabel>
            <fieldentry>1.0</fieldentry>
          </qtimetadatafield>
          <qtimetadatafield>
            <fieldlabel>original_answer_ids</fieldlabel>
            <fieldentry/>
          </qtimetadatafield>
          <qtimetadatafield>
            <fieldlabel>assessment_question_identifierref</fieldlabel>
            <fieldentry>question_11</fieldentry>
          </qtimetadatafield>
        </qtimetadata>
      </itemmetadata>
      <presentation>
        <material>
          <mattext texttype="text/html">&lt;p&gt;How many different 3-character passwords can be created using 26 letters (repetition allowed)?&lt;/p&gt;</mattext>
        </material>
        <response_lid ident="response1" rcardinality="Single">
          <render_choice/>
        </response_lid>
      </presentation>
      <resprocessing>
        <outcomes>
          <decvar maxvalue="100" minvalue="0" varname="SCORE" vartype="Decimal"/>
        </outcomes>
      </resprocessing>
      <itemfeedback ident="correct_fb">
        <flow_mat>
          <material>
            <mattext texttype="text/html">&lt;p&gt;Correct!&lt;/p&gt;</mattext>
          </material>
        </flow_mat>
      </itemfeedback>
      <itemfeedback ident="general_fb">
        <flow_mat>
          <material>
            <mattext texttype="text/html">&lt;p&gt;Incorrect.&lt;/p&gt;</mattext>
          </material>
        </flow_mat>
      </itemfeedback>
    </item>
    <item ident="question_12_2ee5ffb2" title="Question 12">
      <itemmetadata>
        <qtimetadata>
          <qtimetadatafield>
            <fieldlabel>question_type</fieldlabel>
            <fieldentry>multiple_choice_question</fieldentry>
          </qtimetadatafield>
          <qtimetadatafield>
            <fieldlabel>points_possible</fieldlabel>
            <fieldentry>1.0</fieldentry>
          </qtimetadatafield>
          <qtimetadatafield>
            <fieldlabel>original_answer_ids</fieldlabel>
            <fieldentry/>
          </qtimetadatafield>
          <qtimetadatafield>
            <fieldlabel>assessment_question_identifierref</fieldlabel>
            <fieldentry>question_12</fieldentry>
          </qtimetadatafield>
        </qtimetadata>
      </itemmetadata>
      <presentation>
        <material>
          <mattext texttype="text/html">&lt;p&gt;What is P(6, 2)?&lt;/p&gt;</mattext>
        </material>
        <response_lid ident="response1" rcardinality="Single">
          <render_choice/>
        </response_lid>
      </presentation>
      <resprocessing>
        <outcomes>
          <decvar maxvalue="100" minvalue="0" varname="SCORE" vartype="Decimal"/>
        </outcomes>
      </resprocessing>
      <itemfeedback ident="correct_fb">
        <flow_mat>
          <material>
            <mattext texttype="text/html">&lt;p&gt;Correct!&lt;/p&gt;</mattext>
          </material>
        </flow_mat>
      </itemfeedback>
      <itemfeedback ident="general_fb">
        <flow_mat>
          <material>
            <mattext texttype="text/html">&lt;p&gt;Incorrect.&lt;/p&gt;</mattext>
          </material>
        </flow_mat>
      </itemfeedback>
    </item>
    <item ident="question_13_28b0d7dd" title="Question 13">
      <itemmetadata>
        <qtimetadata>
          <qtimetadatafield>
            <fieldlabel>question_type</fieldlabel>
            <fieldentry>multiple_choice_question</fieldentry>
          </qtimetadatafield>
          <qtimetadatafield>
            <fieldlabel>points_possible</fieldlabel>
            <fieldentry>1.0</fieldentry>
          </qtimetadatafield>
          <qtimetadatafield>
            <fieldlabel>original_answer_ids</fieldlabel>
            <fieldentry/>
          </qtimetadatafield>
          <qtimetadatafield>
            <fieldlabel>assessment_question_identifierref</fieldlabel>
            <fieldentry>question_13</fieldentry>
          </qtimetadatafield>
        </qtimetadata>
      </itemmetadata>
      <presentation>
        <material>
          <mattext texttype="text/html">&lt;p&gt;How many ways can you choose 3 students from a class of 10?&lt;/p&gt;</mattext>
        </material>
        <response_lid ident="response1" rcardinality="Single">
          <render_choice/>
        </response_lid>
      </presentation>
      <resprocessing>
        <outcomes>
          <decvar maxvalue="100" minvalue="0" varname="SCORE" vartype="Decimal"/>
        </outcomes>
      </resprocessing>
      <itemfeedback ident="correct_fb">
        <flow_mat>
          <material>
            <mattext texttype="text/html">&lt;p&gt;Correct!&lt;/p&gt;</mattext>
          </material>
        </flow_mat>
      </itemfeedback>
      <itemfeedback ident="general_fb">
        <flow_mat>
          <material>
            <mattext texttype="text/html">&lt;p&gt;Incorrect.&lt;/p&gt;</mattext>
          </material>
        </flow_mat>
      </itemfeedback>
    </item>
    <item ident="question_14_26eea8a1" title="Question 14">
      <itemmetadata>
        <qtimetadata>
          <qtimetadatafield>
            <fieldlabel>question_type</fieldlabel>
            <fieldentry>multiple_choice_question</fieldentry>
          </qtimetadatafield>
          <qtimetadatafield>
            <fieldlabel>points_possible</fieldlabel>
            <fieldentry>1.0</fieldentry>
          </qtimetadatafield>
          <qtimetadatafield>
            <fieldlabel>original_answer_ids</fieldlabel>
            <fieldentry/>
          </qtimetadatafield>
          <qtimetadatafield>
            <fieldlabel>assessment_question_identifierref</fieldlabel>
            <fieldentry>question_14</fieldentry>
          </qtimetadatafield>
        </qtimetadata>
      </itemmetadata>
      <presentation>
        <material>
          <mattext texttype="text/html">&lt;p&gt;A restaurant offers 4 appetizers, 6 main courses, and 3 desserts. How many different 3-course meals are possible?&lt;/p&gt;</mattext>
        </material>
        <response_lid ident="response1" rcardinality="Single">
          <render_choice/>
        </response_lid>
      </presentation>
      <resprocessing>
        <outcomes>
          <decvar maxvalue="100" minvalue="0" varname="SCORE" vartype="Decimal"/>
        </outcomes>
      </resprocessing>
      <itemfeedback ident="correct_fb">
        <flow_mat>
          <material>
            <mattext texttype="text/html">&lt;p&gt;Correct!&lt;/p&gt;</mattext>
          </material>
        </flow_mat>
      </itemfeedback>
      <itemfeedback ident="general_fb">
        <flow_mat>
          <material>
            <mattext texttype="text/html">&lt;p&gt;Incorrect.&lt;/p&gt;</mattext>
          </material>
        </flow_mat>
      </itemfeedback>
    </item>
    <item ident="question_15_c03222f3" title="Question 15">
      <itemmetadata>
        <qtimetadata>
          <qtimetadatafield>
            <fieldlabel>question_type</fieldlabel>
            <fieldentry>multiple_choice_question</fieldentry>
          </qtimetadatafield>
          <qtimetadatafield>
            <fieldlabel>points_possible</fieldlabel>
            <fieldentry>1.0</fieldentry>
          </qtimetadatafield>
          <qtimetadatafield>
            <fieldlabel>original_answer_ids</fieldlabel>
            <fieldentry/>
          </qtimetadatafield>
          <qtimetadatafield>
            <fieldlabel>assessment_question_identifierref</fieldlabel>
            <fieldentry>question_15</fieldentry>
          </qtimetadatafield>
        </qtimetadata>
      </itemmetadata>
      <presentation>
        <material>
          <mattext texttype="text/html">&lt;p&gt;Which formula represents the number of ways to arrange r items from n distinct items?&lt;/p&gt;</mattext>
        </material>
        <response_lid ident="response1" rcardinality="Single">
          <render_choice/>
        </response_lid>
      </presentation>
      <resprocessing>
        <outcomes>
          <decvar maxvalue="100" minvalue="0" varname="SCORE" vartype="Decimal"/>
        </outcomes>
      </resprocessing>
      <itemfeedback ident="correct_fb">
        <flow_mat>
          <material>
            <mattext texttype="text/html">&lt;p&gt;Correct!&lt;/p&gt;</mattext>
          </material>
        </flow_mat>
      </itemfeedback>
      <itemfeedback ident="general_fb">
        <flow_mat>
          <material>
            <mattext texttype="text/html">&lt;p&gt;Incorrect.&lt;/p&gt;</mattext>
          </material>
        </flow_mat>
      </itemfeedback>
    </item>
    <item ident="question_16_c0e5fd63" title="Question 16">
      <itemmetadata>
        <qtimetadata>
          <qtimetadatafield>
            <fieldlabel>question_type</fieldlabel>
            <fieldentry>multiple_choice_question</fieldentry>
          </qtimetadatafield>
          <qtimetadatafield>
            <fieldlabel>points_possible</fieldlabel>
            <fieldentry>1.0</fieldentry>
          </qtimetadatafield>
          <qtimetadatafield>
            <fieldlabel>original_answer_ids</fieldlabel>
            <fieldentry/>
          </qtimetadatafield>
          <qtimetadatafield>
            <fieldlabel>assessment_question_identifierref</fieldlabel>
            <fieldentry>question_16</fieldentry>
          </qtimetadatafield>
        </qtimetadata>
      </itemmetadata>
      <presentation>
        <material>
          <mattext texttype="text/html">&lt;p&gt;How many ways can 5 people stand in a line?&lt;/p&gt;</mattext>
        </material>
        <response_lid ident="response1" rcardinality="Single">
          <render_choice/>
        </response_lid>
      </presentation>
      <resprocessing>
        <outcomes>
          <decvar maxvalue="100" minvalue="0" varname="SCORE" vartype="Decimal"/>
        </outcomes>
      </resprocessing>
      <itemfeedback ident="correct_fb">
        <flow_mat>
          <material>
            <mattext texttype="text/html">&lt;p&gt;Correct!&lt;/p&gt;</mattext>
          </material>
        </flow_mat>
      </itemfeedback>
      <itemfeedback ident="general_fb">
        <flow_mat>
          <material>
            <mattext texttype="text/html">&lt;p&gt;Incorrect.&lt;/p&gt;</mattext>
          </material>
        </flow_mat>
      </itemfeedback>
    </item>
    <item ident="question_17_279ecc10" title="Question 17">
      <itemmetadata>
        <qtimetadata>
          <qtimetadatafield>
            <fieldlabel>question_type</fieldlabel>
            <fieldentry>multiple_choice_question</fieldentry>
          </qtimetadatafield>
          <qtimetadatafield>
            <fieldlabel>points_possible</fieldlabel>
            <fieldentry>1.0</fieldentry>
          </qtimetadatafield>
          <qtimetadatafield>
            <fieldlabel>original_answer_ids</fieldlabel>
            <fieldentry/>
          </qtimetadatafield>
          <qtimetadatafield>
            <fieldlabel>assessment_question_identifierref</fieldlabel>
            <fieldentry>question_17</fieldentry>
          </qtimetadatafield>
        </qtimetadata>
      </itemmetadata>
      <presentation>
        <material>
          <mattext texttype="text/html">&lt;p&gt;If you flip a coin 3 times, how many possible outcomes are there?&lt;/p&gt;</mattext>
        </material>
        <response_lid ident="response1" rcardinality="Single">
          <render_choice/>
        </response_lid>
      </presentation>
      <resprocessing>
        <outcomes>
          <decvar maxvalue="100" minvalue="0" varname="SCORE" vartype="Decimal"/>
        </outcomes>
      </resprocessing>
      <itemfeedback ident="correct_fb">
        <flow_mat>
          <material>
            <mattext texttype="text/html">&lt;p&gt;Correct!&lt;/p&gt;</mattext>
          </material>
        </flow_mat>
      </itemfeedback>
      <itemfeedback ident="general_fb">
        <flow_mat>
          <material>
            <mattext texttype="text/html">&lt;p&gt;Incorrect.&lt;/p&gt;</mattext>
          </material>
        </flow_mat>
      </itemfeedback>
    </item>
    <item ident="question_18_0e1e7b38" title="Question 18">
      <itemmetadata>
        <qtimetadata>
          <qtimetadatafield>
            <fieldlabel>question_type</fieldlabel>
            <fieldentry>multiple_choice_question</fieldentry>
          </qtimetadatafield>
          <qtimetadatafield>
            <fieldlabel>points_possible</fieldlabel>
            <fieldentry>1.0</fieldentry>
          </qtimetadatafield>
          <qtimetadatafield>
            <fieldlabel>original_answer_ids</fieldlabel>
            <fieldentry/>
          </qtimetadatafield>
          <qtimetadatafield>
            <fieldlabel>assessment_question_identifierref</fieldlabel>
            <fieldentry>question_18</fieldentry>
          </qtimetadatafield>
        </qtimetadata>
      </itemmetadata>
      <presentation>
        <material>
          <mattext texttype="text/html">&lt;p&gt;C(8, 3) equals:&lt;/p&gt;</mattext>
        </material>
        <response_lid ident="response1" rcardinality="Single">
          <render_choice/>
        </response_lid>
      </presentation>
      <resprocessing>
        <outcomes>
          <decvar maxvalue="100" minvalue="0" varname="SCORE" vartype="Decimal"/>
        </outcomes>
      </resprocessing>
      <itemfeedback ident="correct_fb">
        <flow_mat>
          <material>
            <mattext texttype="text/html">&lt;p&gt;Correct!&lt;/p&gt;</mattext>
          </material>
        </flow_mat>
      </itemfeedback>
      <itemfeedback ident="general_fb">
        <flow_mat>
          <material>
            <mattext texttype="text/html">&lt;p&gt;Incorrect.&lt;/p&gt;</mattext>
          </material>
        </flow_mat>
      </itemfeedback>
    </item>
    <item ident="question_19_e931b4ae" title="Question 19">
      <itemmetadata>
        <qtimetadata>
          <qtimetadatafield>
            <fieldlabel>question_type</fieldlabel>
            <fieldentry>multiple_choice_question</fieldentry>
          </qtimetadatafield>
          <qtimetadatafield>
            <fieldlabel>points_possible</fieldlabel>
            <fieldentry>1.0</fieldentry>
          </qtimetadatafield>
          <qtimetadatafield>
            <fieldlabel>original_answer_ids</fieldlabel>
            <fieldentry/>
          </qtimetadatafield>
          <qtimetadatafield>
            <fieldlabel>assessment_question_identifierref</fieldlabel>
            <fieldentry>question_19</fieldentry>
          </qtimetadatafield>
        </qtimetadata>
      </itemmetadata>
      <presentation>
        <material>
          <mattext texttype="text/html">&lt;p&gt;A lock has 3 digits (0-9). How many different codes are possible if digits can repeat?&lt;/p&gt;</mattext>
        </material>
        <response_lid ident="response1" rcardinality="Single">
          <render_choice/>
        </response_lid>
      </presentation>
      <resprocessing>
        <outcomes>
          <decvar maxvalue="100" minvalue="0" varname="SCORE" vartype="Decimal"/>
        </outcomes>
      </resprocessing>
      <itemfeedback ident="correct_fb">
        <flow_mat>
          <material>
            <mattext texttype="text/html">&lt;p&gt;Correct!&lt;/p&gt;</mattext>
          </material>
        </flow_mat>
      </itemfeedback>
      <itemfeedback ident="general_fb">
        <flow_mat>
          <material>
            <mattext texttype="text/html">&lt;p&gt;Incorrect.&lt;/p&gt;</mattext>
          </material>
        </flow_mat>
      </itemfeedback>
    </item>
    <item ident="question_20_9b77dd43" title="Question 20">
      <itemmetadata>
        <qtimetadata>
          <qtimetadatafield>
            <fieldlabel>question_type</fieldlabel>
            <fieldentry>multiple_choice_question</fieldentry>
          </qtimetadatafield>
          <qtimetadatafield>
            <fieldlabel>points_possible</fieldlabel>
            <fieldentry>1.0</fieldentry>
          </qtimetadatafield>
          <qtimetadatafield>
            <fieldlabel>original_answer_ids</fieldlabel>
            <fieldentry/>
          </qtimetadatafield>
          <qtimetadatafield>
            <fieldlabel>assessment_question_identifierref</fieldlabel>
            <fieldentry>question_20</fieldentry>
          </qtimetadatafield>
        </qtimetadata>
      </itemmetadata>
      <presentation>
        <material>
          <mattext texttype="text/html">&lt;p&gt;Which scenario requires using combinations instead of permutations?&lt;/p&gt;</mattext>
        </material>
        <response_lid ident="response1" rcardinality="Single">
          <render_choice/>
        </response_lid>
      </presentation>
      <resprocessing>
        <outcomes>
          <decvar maxvalue="100" minvalue="0" varname="SCORE" vartype="Decimal"/>
        </outcomes>
      </resprocessing>
      <itemfeedback ident="correct_fb">
        <flow_mat>
          <material>
            <mattext texttype="text/html">&lt;p&gt;Correct!&lt;/p&gt;</mattext>
          </material>
        </flow_mat>
      </itemfeedback>
      <itemfeedback ident="general_fb">
        <flow_mat>
          <material>
            <mattext texttype="text/html">&lt;p&gt;Incorrect.&lt;/p&gt;</mattext>
          </material>
        </flow_mat>
      </itemfeedback>
    </item>
    <item ident="question_21_d87cfdb1" title="Question 21">
      <itemmetadata>
        <qtimetadata>
          <qtimetadatafield>
            <fieldlabel>question_type</fieldlabel>
            <fieldentry>multiple_choice_question</fieldentry>
          </qtimetadatafield>
          <qtimetadatafield>
            <fieldlabel>points_possible</fieldlabel>
            <fieldentry>1.0</fieldentry>
          </qtimetadatafield>
          <qtimetadatafield>
            <fieldlabel>original_answer_ids</fieldlabel>
            <fieldentry/>
          </qtimetadatafield>
          <qtimetadatafield>
            <fieldlabel>assessment_question_identifierref</fieldlabel>
            <fieldentry>question_21</fieldentry>
          </qtimetadatafield>
        </qtimetadata>
      </itemmetadata>
      <presentation>
        <material>
          <mattext texttype="text/html">&lt;p&gt;Explain the difference between permutations and combinations in your own words.&lt;/p&gt;</mattext>
        </material>
        <response_lid ident="response1" rcardinality="Single">
          <render_choice/>
        </response_lid>
      </presentation>
      <resprocessing>
        <outcomes>
          <decvar maxvalue="100" minvalue="0" varname="SCORE" vartype="Decimal"/>
        </outcomes>
      </resprocessing>
      <itemfeedback ident="correct_fb">
        <flow_mat>
          <material>
            <mattext texttype="text/html">&lt;p&gt;Correct!&lt;/p&gt;</mattext>
          </material>
        </flow_mat>
      </itemfeedback>
      <itemfeedback ident="general_fb">
        <flow_mat>
          <material>
            <mattext texttype="text/html">&lt;p&gt;Incorrect.&lt;/p&gt;</mattext>
          </material>
        </flow_mat>
      </itemfeedback>
    </item>
    <item ident="question_22_9b4e11ee" title="Question 22">
      <itemmetadata>
        <qtimetadata>
          <qtimetadatafield>
            <fieldlabel>question_type</fieldlabel>
            <fieldentry>multiple_choice_question</fieldentry>
          </qtimetadatafield>
          <qtimetadatafield>
            <fieldlabel>points_possible</fieldlabel>
            <fieldentry>1.0</fieldentry>
          </qtimetadatafield>
          <qtimetadatafield>
            <fieldlabel>original_answer_ids</fieldlabel>
            <fieldentry/>
          </qtimetadatafield>
          <qtimetadatafield>
            <fieldlabel>assessment_question_identifierref</fieldlabel>
            <fieldentry>question_22</fieldentry>
          </qtimetadatafield>
        </qtimetadata>
      </itemmetadata>
      <presentation>
        <material>
          <mattext texttype="text/html">&lt;p&gt;Calculate P(7, 3) using the multiplication method (not the formula).&lt;/p&gt;</mattext>
        </material>
        <response_lid ident="response1" rcardinality="Single">
          <render_choice/>
        </response_lid>
      </presentation>
      <resprocessing>
        <outcomes>
          <decvar maxvalue="100" minvalue="0" varname="SCORE" vartype="Decimal"/>
        </outcomes>
      </resprocessing>
      <itemfeedback ident="correct_fb">
        <flow_mat>
          <material>
            <mattext texttype="text/html">&lt;p&gt;Correct!&lt;/p&gt;</mattext>
          </material>
        </flow_mat>
      </itemfeedback>
      <itemfeedback ident="general_fb">
        <flow_mat>
          <material>
            <mattext texttype="text/html">&lt;p&gt;Incorrect.&lt;/p&gt;</mattext>
          </material>
        </flow_mat>
      </itemfeedback>
    </item>
    <item ident="question_23_9136e88c" title="Question 23">
      <itemmetadata>
        <qtimetadata>
          <qtimetadatafield>
            <fieldlabel>question_type</fieldlabel>
            <fieldentry>multiple_choice_question</fieldentry>
          </qtimetadatafield>
          <qtimetadatafield>
            <fieldlabel>points_possible</fieldlabel>
            <fieldentry>1.0</fieldentry>
          </qtimetadatafield>
          <qtimetadatafield>
            <fieldlabel>original_answer_ids</fieldlabel>
            <fieldentry/>
          </qtimetadatafield>
          <qtimetadatafield>
            <fieldlabel>assessment_question_identifierref</fieldlabel>
            <fieldentry>question_23</fieldentry>
          </qtimetadatafield>
        </qtimetadata>
      </itemmetadata>
      <presentation>
        <material>
          <mattext texttype="text/html">&lt;p&gt;How many ways can you create a 2-letter code using letters A, B, C, D if letters cannot be repeated?&lt;/p&gt;</mattext>
        </material>
        <response_lid ident="response1" rcardinality="Single">
          <render_choice/>
        </response_lid>
      </presentation>
      <resprocessing>
        <outcomes>
          <decvar maxvalue="100" minvalue="0" varname="SCORE" vartype="Decimal"/>
        </outcomes>
      </resprocessing>
      <itemfeedback ident="correct_fb">
        <flow_mat>
          <material>
            <mattext texttype="text/html">&lt;p&gt;Correct!&lt;/p&gt;</mattext>
          </material>
        </flow_mat>
      </itemfeedback>
      <itemfeedback ident="general_fb">
        <flow_mat>
          <material>
            <mattext texttype="text/html">&lt;p&gt;Incorrect.&lt;/p&gt;</mattext>
          </material>
        </flow_mat>
      </itemfeedback>
    </item>
    <item ident="question_24_edf23056" title="Question 24">
      <itemmetadata>
        <qtimetadata>
          <qtimetadatafield>
            <fieldlabel>question_type</fieldlabel>
            <fieldentry>multiple_choice_question</fieldentry>
          </qtimetadatafield>
          <qtimetadatafield>
            <fieldlabel>points_possible</fieldlabel>
            <fieldentry>1.0</fieldentry>
          </qtimetadatafield>
          <qtimetadatafield>
            <fieldlabel>original_answer_ids</fieldlabel>
            <fieldentry/>
          </qtimetadatafield>
          <qtimetadatafield>
            <fieldlabel>assessment_question_identifierref</fieldlabel>
            <fieldentry>question_24</fieldentry>
          </qtimetadatafield>
        </qtimetadata>
      </itemmetadata>
      <presentation>
        <material>
          <mattext texttype="text/html">&lt;p&gt;When flipping a coin twice, list all possible outcomes in an organized way. How many total outcomes are there?&lt;/p&gt;</mattext>
        </material>
        <response_lid ident="response1" rcardinality="Single">
          <render_choice/>
        </response_lid>
      </presentation>
      <resprocessing>
        <outcomes>
          <decvar maxvalue="100" minvalue="0" varname="SCORE" vartype="Decimal"/>
        </outcomes>
      </resprocessing>
      <itemfeedback ident="correct_fb">
        <flow_mat>
          <material>
            <mattext texttype="text/html">&lt;p&gt;Correct!&lt;/p&gt;</mattext>
          </material>
        </flow_mat>
      </itemfeedback>
      <itemfeedback ident="general_fb">
        <flow_mat>
          <material>
            <mattext texttype="text/html">&lt;p&gt;Incorrect.&lt;/p&gt;</mattext>
          </material>
        </flow_mat>
      </itemfeedback>
    </item>
    <item ident="question_25_8bf92689" title="Question 25">
      <itemmetadata>
        <qtimetadata>
          <qtimetadatafield>
            <fieldlabel>question_type</fieldlabel>
            <fieldentry>multiple_choice_question</fieldentry>
          </qtimetadatafield>
          <qtimetadatafield>
            <fieldlabel>points_possible</fieldlabel>
            <fieldentry>1.0</fieldentry>
          </qtimetadatafield>
          <qtimetadatafield>
            <fieldlabel>original_answer_ids</fieldlabel>
            <fieldentry/>
          </qtimetadatafield>
          <qtimetadatafield>
            <fieldlabel>assessment_question_identifierref</fieldlabel>
            <fieldentry>question_25</fieldentry>
          </qtimetadatafield>
        </qtimetadata>
      </itemmetadata>
      <presentation>
        <material>
          <mattext texttype="text/html">&lt;p&gt;A computer system has 3 CPU options, 4 RAM options, and 2 storage options. How many different configurations are possible?&lt;/p&gt;</mattext>
        </material>
        <response_lid ident="response1" rcardinality="Single">
          <render_choice/>
        </response_lid>
      </presentation>
      <resprocessing>
        <outcomes>
          <decvar maxvalue="100" minvalue="0" varname="SCORE" vartype="Decimal"/>
        </outcomes>
      </resprocessing>
      <itemfeedback ident="correct_fb">
        <flow_mat>
          <material>
            <mattext texttype="text/html">&lt;p&gt;Correct!&lt;/p&gt;</mattext>
          </material>
        </flow_mat>
      </itemfeedback>
      <itemfeedback ident="general_fb">
        <flow_mat>
          <material>
            <mattext texttype="text/html">&lt;p&gt;Incorrect.&lt;/p&gt;</mattext>
          </material>
        </flow_mat>
      </itemfeedback>
    </item>
    <item ident="question_26_22cdb52f" title="Question 26">
      <itemmetadata>
        <qtimetadata>
          <qtimetadatafield>
            <fieldlabel>question_type</fieldlabel>
            <fieldentry>multiple_choice_question</fieldentry>
          </qtimetadatafield>
          <qtimetadatafield>
            <fieldlabel>points_possible</fieldlabel>
            <fieldentry>1.0</fieldentry>
          </qtimetadatafield>
          <qtimetadatafield>
            <fieldlabel>original_answer_ids</fieldlabel>
            <fieldentry/>
          </qtimetadatafield>
          <qtimetadatafield>
            <fieldlabel>assessment_question_identifierref</fieldlabel>
            <fieldentry>question_26</fieldentry>
          </qtimetadatafield>
        </qtimetadata>
      </itemmetadata>
      <presentation>
        <material>
          <mattext texttype="text/html">&lt;p&gt;Calculate C(6, 2) and show your work.&lt;/p&gt;</mattext>
        </material>
        <response_lid ident="response1" rcardinality="Single">
          <render_choice/>
        </response_lid>
      </presentation>
      <resprocessing>
        <outcomes>
          <decvar maxvalue="100" minvalue="0" varname="SCORE" vartype="Decimal"/>
        </outcomes>
      </resprocessing>
      <itemfeedback ident="correct_fb">
        <flow_mat>
          <material>
            <mattext texttype="text/html">&lt;p&gt;Correct!&lt;/p&gt;</mattext>
          </material>
        </flow_mat>
      </itemfeedback>
      <itemfeedback ident="general_fb">
        <flow_mat>
          <material>
            <mattext texttype="text/html">&lt;p&gt;Incorrect.&lt;/p&gt;</mattext>
          </material>
        </flow_mat>
      </itemfeedback>
    </item>
    <item ident="question_27_7c35e3c7" title="Question 27">
      <itemmetadata>
        <qtimetadata>
          <qtimetadatafield>
            <fieldlabel>question_type</fieldlabel>
            <fieldentry>multiple_choice_question</fieldentry>
          </qtimetadatafield>
          <qtimetadatafield>
            <fieldlabel>points_possible</fieldlabel>
            <fieldentry>1.0</fieldentry>
          </qtimetadatafield>
          <qtimetadatafield>
            <fieldlabel>original_answer_ids</fieldlabel>
            <fieldentry/>
          </qtimetadatafield>
          <qtimetadatafield>
            <fieldlabel>assessment_question_identifierref</fieldlabel>
            <fieldentry>question_27</fieldentry>
          </qtimetadatafield>
        </qtimetadata>
      </itemmetadata>
      <presentation>
        <material>
          <mattext texttype="text/html">&lt;p&gt;You need to select and arrange 3 officers (president, vice president, secretary) from 8 candidates. Is this a permutation or combination problem? Calculate the answer.&lt;/p&gt;</mattext>
        </material>
        <response_lid ident="response1" rcardinality="Single">
          <render_choice/>
        </response_lid>
      </presentation>
      <resprocessing>
        <outcomes>
          <decvar maxvalue="100" minvalue="0" varname="SCORE" vartype="Decimal"/>
        </outcomes>
      </resprocessing>
      <itemfeedback ident="correct_fb">
        <flow_mat>
          <material>
            <mattext texttype="text/html">&lt;p&gt;Correct!&lt;/p&gt;</mattext>
          </material>
        </flow_mat>
      </itemfeedback>
      <itemfeedback ident="general_fb">
        <flow_mat>
          <material>
            <mattext texttype="text/html">&lt;p&gt;Incorrect.&lt;/p&gt;</mattext>
          </material>
        </flow_mat>
      </itemfeedback>
    </item>
    <item ident="question_28_191d0d7c" title="Question 28">
      <itemmetadata>
        <qtimetadata>
          <qtimetadatafield>
            <fieldlabel>question_type</fieldlabel>
            <fieldentry>multiple_choice_question</fieldentry>
          </qtimetadatafield>
          <qtimetadatafield>
            <fieldlabel>points_possible</fieldlabel>
            <fieldentry>1.0</fieldentry>
          </qtimetadatafield>
          <qtimetadatafield>
            <fieldlabel>original_answer_ids</fieldlabel>
            <fieldentry/>
          </qtimetadatafield>
          <qtimetadatafield>
            <fieldlabel>assessment_question_identifierref</fieldlabel>
            <fieldentry>question_28</fieldentry>
          </qtimetadatafield>
        </qtimetadata>
      </itemmetadata>
      <presentation>
        <material>
          <mattext texttype="text/html">&lt;p&gt;List three real-world situations where you would use the Fundamental Counting Principle.&lt;/p&gt;</mattext>
        </material>
        <response_lid ident="response1" rcardinality="Single">
          <render_choice/>
        </response_lid>
      </presentation>
      <resprocessing>
        <outcomes>
          <decvar maxvalue="100" minvalue="0" varname="SCORE" vartype="Decimal"/>
        </outcomes>
      </resprocessing>
      <itemfeedback ident="correct_fb">
        <flow_mat>
          <material>
            <mattext texttype="text/html">&lt;p&gt;Correct!&lt;/p&gt;</mattext>
          </material>
        </flow_mat>
      </itemfeedback>
      <itemfeedback ident="general_fb">
        <flow_mat>
          <material>
            <mattext texttype="text/html">&lt;p&gt;Incorrect.&lt;/p&gt;</mattext>
          </material>
        </flow_mat>
      </itemfeedback>
    </item>
    <item ident="question_29_a92cd318" title="Question 29">
      <itemmetadata>
        <qtimetadata>
          <qtimetadatafield>
            <fieldlabel>question_type</fieldlabel>
            <fieldentry>multiple_choice_question</fieldentry>
          </qtimetadatafield>
          <qtimetadatafield>
            <fieldlabel>points_possible</fieldlabel>
            <fieldentry>1.0</fieldentry>
          </qtimetadatafield>
          <qtimetadatafield>
            <fieldlabel>original_answer_ids</fieldlabel>
            <fieldentry/>
          </qtimetadatafield>
          <qtimetadatafield>
            <fieldlabel>assessment_question_identifierref</fieldlabel>
            <fieldentry>question_29</fieldentry>
          </qtimetadatafield>
        </qtimetadata>
      </itemmetadata>
      <presentation>
        <material>
          <mattext texttype="text/html">&lt;p&gt;If P(n, 2) = 30, what is the value of n?&lt;/p&gt;</mattext>
        </material>
        <response_lid ident="response1" rcardinality="Single">
          <render_choice/>
        </response_lid>
      </presentation>
      <resprocessing>
        <outcomes>
          <decvar maxvalue="100" minvalue="0" varname="SCORE" vartype="Decimal"/>
        </outcomes>
      </resprocessing>
      <itemfeedback ident="correct_fb">
        <flow_mat>
          <material>
            <mattext texttype="text/html">&lt;p&gt;Correct!&lt;/p&gt;</mattext>
          </material>
        </flow_mat>
      </itemfeedback>
      <itemfeedback ident="general_fb">
        <flow_mat>
          <material>
            <mattext texttype="text/html">&lt;p&gt;Incorrect.&lt;/p&gt;</mattext>
          </material>
        </flow_mat>
      </itemfeedback>
    </item>
    <item ident="question_30_fefd91f4" title="Question 30">
      <itemmetadata>
        <qtimetadata>
          <qtimetadatafield>
            <fieldlabel>question_type</fieldlabel>
            <fieldentry>multiple_choice_question</fieldentry>
          </qtimetadatafield>
          <qtimetadatafield>
            <fieldlabel>points_possible</fieldlabel>
            <fieldentry>1.0</fieldentry>
          </qtimetadatafield>
          <qtimetadatafield>
            <fieldlabel>original_answer_ids</fieldlabel>
            <fieldentry/>
          </qtimetadatafield>
          <qtimetadatafield>
            <fieldlabel>assessment_question_identifierref</fieldlabel>
            <fieldentry>question_30</fieldentry>
          </qtimetadatafield>
        </qtimetadata>
      </itemmetadata>
      <presentation>
        <material>
          <mattext texttype="text/html">&lt;p&gt;A pizza shop offers 8 toppings. How many different 3-topping pizzas can be made? Explain why this is a combination problem.&lt;/p&gt;</mattext>
        </material>
        <response_lid ident="response1" rcardinality="Single">
          <render_choice/>
        </response_lid>
      </presentation>
      <resprocessing>
        <outcomes>
          <decvar maxvalue="100" minvalue="0" varname="SCORE" vartype="Decimal"/>
        </outcomes>
      </resprocessing>
      <itemfeedback ident="correct_fb">
        <flow_mat>
          <material>
            <mattext texttype="text/html">&lt;p&gt;Correct!&lt;/p&gt;</mattext>
          </material>
        </flow_mat>
      </itemfeedback>
      <itemfeedback ident="general_fb">
        <flow_mat>
          <material>
            <mattext texttype="text/html">&lt;p&gt;Incorrect.&lt;/p&gt;</mattext>
          </material>
        </flow_mat>
      </itemfeedback>
    </item>
  </section>
</assessment>
