<?xml version="1.0" ?>
<manifest xmlns:ns0="http://www.imsglobal.org/xsd/imsmd_v1p2" xmlns="http://www.imsglobal.org/xsd/imsccv1p1/imscp_v1p1" xmlns:lom="http://ltsc.ieee.org/xsd/imsccv1p1/LOM/resource" xmlns:imsmd="http://www.imsglobal.org/xsd/imsmd_v1p2" xmlns:xsi="http://www.w3.org/2001/XMLSchema-instance" identifier="qti_export_manifest" xsi:schemaLocation="http://www.imsglobal.org/xsd/imsccv1p1/imscp_v1p1 http://www.imsglobal.org/xsd/imscp_v1p1.xsd http://ltsc.ieee.org/xsd/imsccv1p1/LOM/resource http://www.imsglobal.org/profile/cc/ccv1p1/LOM/ccv1p1_lomresource_v1p0.xsd http://www.imsglobal.org/xsd/imsmd_v1p2 http://www.imsglobal.org/xsd/imsmd_v1p2p2.xsd">
  <metadata>
    <schema>IMS Content</schema>
    <schemaversion>1.1.3</schemaversion>
    <ns0:lom>
      <ns0:general>
        <ns0:title>
          <ns0:langstring>QTI Assessment Export</ns0:langstring>
        </ns0:title>
      </ns0:general>
    </ns0:lom>
  </metadata>
  <organizations/>
  <resources>
    <resource identifier="Number Systems Quiz F25" type="imsqti_xmlv1p2" href="Number Systems Quiz F25.xml">
      <file href="Number Systems Quiz F25.xml"/>
      <dependency identifierref="QTI_Dependencies"/>
    </resource>
    <resource identifier="Set Theory Quiz F25" type="imsqti_xmlv1p2" href="Set Theory Quiz F25.xml">
      <file href="Set Theory Quiz F25.xml"/>
      <dependency identifierref="QTI_Dependencies"/>
    </resource>
    <resource identifier="Counting Principles Quiz f25" type="imsqti_xmlv1p2" href="Counting Principles Quiz f25.xml">
      <file href="Counting Principles Quiz f25.xml"/>
      <dependency identifierref="QTI_Dependencies"/>
    </resource>
  </resources>
</manifest>
