<?xml version="1.0" ?>
<assessment xmlns="http://www.imsglobal.org/xsd/ims_qtiasiv1p2" xmlns:xsi="http://www.w3.org/2001/XMLSchema-instance" xsi:schemaLocation="http://www.imsglobal.org/xsd/ims_qtiasiv1p2 http://www.imsglobal.org/xsd/ims_qtiasiv1p2p1.xsd" ident="assessment_c57ec010" title="Number Systems Quiz F25">
  <qtimetadata>
    <qtimetadatafield>
      <fieldlabel>cc_maxattempts</fieldlabel>
      <fieldentry>1</fieldentry>
    </qtimetadatafield>
  </qtimetadata>
  <section ident="root_section">
    <item ident="question_1_bff10faf" title="Question 1">
      <itemmetadata>
        <qtimetadata>
          <qtimetadatafield>
            <fieldlabel>question_type</fieldlabel>
            <fieldentry>multiple_choice_question</fieldentry>
          </qtimetadatafield>
          <qtimetadatafield>
            <fieldlabel>points_possible</fieldlabel>
            <fieldentry>1.0</fieldentry>
          </qtimetadatafield>
          <qtimetadatafield>
            <fieldlabel>original_answer_ids</fieldlabel>
            <fieldentry/>
          </qtimetadatafield>
          <qtimetadatafield>
            <fieldlabel>assessment_question_identifierref</fieldlabel>
            <fieldentry>question_1</fieldentry>
          </qtimetadatafield>
        </qtimetadata>
      </itemmetadata>
      <presentation>
        <material>
          <mattext texttype="text/html">&lt;p&gt;Binary (Base 2) uses only the digits 0 and 1.&lt;/p&gt;</mattext>
        </material>
        <response_lid ident="response1" rcardinality="Single">
          <render_choice/>
        </response_lid>
      </presentation>
      <resprocessing>
        <outcomes>
          <decvar maxvalue="100" minvalue="0" varname="SCORE" vartype="Decimal"/>
        </outcomes>
      </resprocessing>
      <itemfeedback ident="correct_fb">
        <flow_mat>
          <material>
            <mattext texttype="text/html">&lt;p&gt;Correct!&lt;/p&gt;</mattext>
          </material>
        </flow_mat>
      </itemfeedback>
      <itemfeedback ident="general_fb">
        <flow_mat>
          <material>
            <mattext texttype="text/html">&lt;p&gt;Incorrect.&lt;/p&gt;</mattext>
          </material>
        </flow_mat>
      </itemfeedback>
    </item>
    <item ident="question_2_f7652610" title="Question 2">
      <itemmetadata>
        <qtimetadata>
          <qtimetadatafield>
            <fieldlabel>question_type</fieldlabel>
            <fieldentry>multiple_choice_question</fieldentry>
          </qtimetadatafield>
          <qtimetadatafield>
            <fieldlabel>points_possible</fieldlabel>
            <fieldentry>1.0</fieldentry>
          </qtimetadatafield>
          <qtimetadatafield>
            <fieldlabel>original_answer_ids</fieldlabel>
            <fieldentry/>
          </qtimetadatafield>
          <qtimetadatafield>
            <fieldlabel>assessment_question_identifierref</fieldlabel>
            <fieldentry>question_2</fieldentry>
          </qtimetadatafield>
        </qtimetadata>
      </itemmetadata>
      <presentation>
        <material>
          <mattext texttype="text/html">&lt;p&gt;The hexadecimal digit 'F' represents the decimal value 14.&lt;/p&gt;</mattext>
        </material>
        <response_lid ident="response1" rcardinality="Single">
          <render_choice/>
        </response_lid>
      </presentation>
      <resprocessing>
        <outcomes>
          <decvar maxvalue="100" minvalue="0" varname="SCORE" vartype="Decimal"/>
        </outcomes>
      </resprocessing>
      <itemfeedback ident="correct_fb">
        <flow_mat>
          <material>
            <mattext texttype="text/html">&lt;p&gt;Correct!&lt;/p&gt;</mattext>
          </material>
        </flow_mat>
      </itemfeedback>
      <itemfeedback ident="general_fb">
        <flow_mat>
          <material>
            <mattext texttype="text/html">&lt;p&gt;Incorrect.&lt;/p&gt;</mattext>
          </material>
        </flow_mat>
      </itemfeedback>
    </item>
    <item ident="question_3_0b75e86b" title="Question 3">
      <itemmetadata>
        <qtimetadata>
          <qtimetadatafield>
            <fieldlabel>question_type</fieldlabel>
            <fieldentry>multiple_choice_question</fieldentry>
          </qtimetadatafield>
          <qtimetadatafield>
            <fieldlabel>points_possible</fieldlabel>
            <fieldentry>1.0</fieldentry>
          </qtimetadatafield>
          <qtimetadatafield>
            <fieldlabel>original_answer_ids</fieldlabel>
            <fieldentry/>
          </qtimetadatafield>
          <qtimetadatafield>
            <fieldlabel>assessment_question_identifierref</fieldlabel>
            <fieldentry>question_3</fieldentry>
          </qtimetadatafield>
        </qtimetadata>
      </itemmetadata>
      <presentation>
        <material>
          <mattext texttype="text/html">&lt;p&gt;In the octal number system, the digit 8 is a valid digit.&lt;/p&gt;</mattext>
        </material>
        <response_lid ident="response1" rcardinality="Single">
          <render_choice/>
        </response_lid>
      </presentation>
      <resprocessing>
        <outcomes>
          <decvar maxvalue="100" minvalue="0" varname="SCORE" vartype="Decimal"/>
        </outcomes>
      </resprocessing>
      <itemfeedback ident="correct_fb">
        <flow_mat>
          <material>
            <mattext texttype="text/html">&lt;p&gt;Correct!&lt;/p&gt;</mattext>
          </material>
        </flow_mat>
      </itemfeedback>
      <itemfeedback ident="general_fb">
        <flow_mat>
          <material>
            <mattext texttype="text/html">&lt;p&gt;Incorrect.&lt;/p&gt;</mattext>
          </material>
        </flow_mat>
      </itemfeedback>
    </item>
    <item ident="question_4_1957b9b8" title="Question 4">
      <itemmetadata>
        <qtimetadata>
          <qtimetadatafield>
            <fieldlabel>question_type</fieldlabel>
            <fieldentry>multiple_choice_question</fieldentry>
          </qtimetadatafield>
          <qtimetadatafield>
            <fieldlabel>points_possible</fieldlabel>
            <fieldentry>1.0</fieldentry>
          </qtimetadatafield>
          <qtimetadatafield>
            <fieldlabel>original_answer_ids</fieldlabel>
            <fieldentry/>
          </qtimetadatafield>
          <qtimetadatafield>
            <fieldlabel>assessment_question_identifierref</fieldlabel>
            <fieldentry>question_4</fieldentry>
          </qtimetadatafield>
        </qtimetadata>
      </itemmetadata>
      <presentation>
        <material>
          <mattext texttype="text/html">&lt;p&gt;The binary number 1011₂ equals 11 in decimal.&lt;/p&gt;</mattext>
        </material>
        <response_lid ident="response1" rcardinality="Single">
          <render_choice/>
        </response_lid>
      </presentation>
      <resprocessing>
        <outcomes>
          <decvar maxvalue="100" minvalue="0" varname="SCORE" vartype="Decimal"/>
        </outcomes>
      </resprocessing>
      <itemfeedback ident="correct_fb">
        <flow_mat>
          <material>
            <mattext texttype="text/html">&lt;p&gt;Correct!&lt;/p&gt;</mattext>
          </material>
        </flow_mat>
      </itemfeedback>
      <itemfeedback ident="general_fb">
        <flow_mat>
          <material>
            <mattext texttype="text/html">&lt;p&gt;Incorrect.&lt;/p&gt;</mattext>
          </material>
        </flow_mat>
      </itemfeedback>
    </item>
    <item ident="question_5_3943e0f2" title="Question 5">
      <itemmetadata>
        <qtimetadata>
          <qtimetadatafield>
            <fieldlabel>question_type</fieldlabel>
            <fieldentry>multiple_choice_question</fieldentry>
          </qtimetadatafield>
          <qtimetadatafield>
            <fieldlabel>points_possible</fieldlabel>
            <fieldentry>1.0</fieldentry>
          </qtimetadatafield>
          <qtimetadatafield>
            <fieldlabel>original_answer_ids</fieldlabel>
            <fieldentry/>
          </qtimetadatafield>
          <qtimetadatafield>
            <fieldlabel>assessment_question_identifierref</fieldlabel>
            <fieldentry>question_5</fieldentry>
          </qtimetadatafield>
        </qtimetadata>
      </itemmetadata>
      <presentation>
        <material>
          <mattext texttype="text/html">&lt;p&gt;Place values in base 16 are powers of 16 (16⁰, 16¹, 16², etc.).&lt;/p&gt;</mattext>
        </material>
        <response_lid ident="response1" rcardinality="Single">
          <render_choice/>
        </response_lid>
      </presentation>
      <resprocessing>
        <outcomes>
          <decvar maxvalue="100" minvalue="0" varname="SCORE" vartype="Decimal"/>
        </outcomes>
      </resprocessing>
      <itemfeedback ident="correct_fb">
        <flow_mat>
          <material>
            <mattext texttype="text/html">&lt;p&gt;Correct!&lt;/p&gt;</mattext>
          </material>
        </flow_mat>
      </itemfeedback>
      <itemfeedback ident="general_fb">
        <flow_mat>
          <material>
            <mattext texttype="text/html">&lt;p&gt;Incorrect.&lt;/p&gt;</mattext>
          </material>
        </flow_mat>
      </itemfeedback>
    </item>
    <item ident="question_6_6f7fb65e" title="Question 6">
      <itemmetadata>
        <qtimetadata>
          <qtimetadatafield>
            <fieldlabel>question_type</fieldlabel>
            <fieldentry>multiple_choice_question</fieldentry>
          </qtimetadatafield>
          <qtimetadatafield>
            <fieldlabel>points_possible</fieldlabel>
            <fieldentry>1.0</fieldentry>
          </qtimetadatafield>
          <qtimetadatafield>
            <fieldlabel>original_answer_ids</fieldlabel>
            <fieldentry/>
          </qtimetadatafield>
          <qtimetadatafield>
            <fieldlabel>assessment_question_identifierref</fieldlabel>
            <fieldentry>question_6</fieldentry>
          </qtimetadatafield>
        </qtimetadata>
      </itemmetadata>
      <presentation>
        <material>
          <mattext texttype="text/html">&lt;p&gt;The octal number 47₈ equals 39 in decimal.&lt;/p&gt;</mattext>
        </material>
        <response_lid ident="response1" rcardinality="Single">
          <render_choice/>
        </response_lid>
      </presentation>
      <resprocessing>
        <outcomes>
          <decvar maxvalue="100" minvalue="0" varname="SCORE" vartype="Decimal"/>
        </outcomes>
      </resprocessing>
      <itemfeedback ident="correct_fb">
        <flow_mat>
          <material>
            <mattext texttype="text/html">&lt;p&gt;Correct!&lt;/p&gt;</mattext>
          </material>
        </flow_mat>
      </itemfeedback>
      <itemfeedback ident="general_fb">
        <flow_mat>
          <material>
            <mattext texttype="text/html">&lt;p&gt;Incorrect.&lt;/p&gt;</mattext>
          </material>
        </flow_mat>
      </itemfeedback>
    </item>
    <item ident="question_7_bc6da30f" title="Question 7">
      <itemmetadata>
        <qtimetadata>
          <qtimetadatafield>
            <fieldlabel>question_type</fieldlabel>
            <fieldentry>multiple_choice_question</fieldentry>
          </qtimetadatafield>
          <qtimetadatafield>
            <fieldlabel>points_possible</fieldlabel>
            <fieldentry>1.0</fieldentry>
          </qtimetadatafield>
          <qtimetadatafield>
            <fieldlabel>original_answer_ids</fieldlabel>
            <fieldentry/>
          </qtimetadatafield>
          <qtimetadatafield>
            <fieldlabel>assessment_question_identifierref</fieldlabel>
            <fieldentry>question_7</fieldentry>
          </qtimetadatafield>
        </qtimetadata>
      </itemmetadata>
      <presentation>
        <material>
          <mattext texttype="text/html">&lt;p&gt;In hexadecimal, the letter 'A' represents the decimal value 10.&lt;/p&gt;</mattext>
        </material>
        <response_lid ident="response1" rcardinality="Single">
          <render_choice/>
        </response_lid>
      </presentation>
      <resprocessing>
        <outcomes>
          <decvar maxvalue="100" minvalue="0" varname="SCORE" vartype="Decimal"/>
        </outcomes>
      </resprocessing>
      <itemfeedback ident="correct_fb">
        <flow_mat>
          <material>
            <mattext texttype="text/html">&lt;p&gt;Correct!&lt;/p&gt;</mattext>
          </material>
        </flow_mat>
      </itemfeedback>
      <itemfeedback ident="general_fb">
        <flow_mat>
          <material>
            <mattext texttype="text/html">&lt;p&gt;Incorrect.&lt;/p&gt;</mattext>
          </material>
        </flow_mat>
      </itemfeedback>
    </item>
    <item ident="question_8_4ef4afdb" title="Question 8">
      <itemmetadata>
        <qtimetadata>
          <qtimetadatafield>
            <fieldlabel>question_type</fieldlabel>
            <fieldentry>multiple_choice_question</fieldentry>
          </qtimetadatafield>
          <qtimetadatafield>
            <fieldlabel>points_possible</fieldlabel>
            <fieldentry>1.0</fieldentry>
          </qtimetadatafield>
          <qtimetadatafield>
            <fieldlabel>original_answer_ids</fieldlabel>
            <fieldentry/>
          </qtimetadatafield>
          <qtimetadatafield>
            <fieldlabel>assessment_question_identifierref</fieldlabel>
            <fieldentry>question_8</fieldentry>
          </qtimetadatafield>
        </qtimetadata>
      </itemmetadata>
      <presentation>
        <material>
          <mattext texttype="text/html">&lt;p&gt;The binary number 10111100₂ can be converted to octal as 274₈.&lt;/p&gt;</mattext>
        </material>
        <response_lid ident="response1" rcardinality="Single">
          <render_choice/>
        </response_lid>
      </presentation>
      <resprocessing>
        <outcomes>
          <decvar maxvalue="100" minvalue="0" varname="SCORE" vartype="Decimal"/>
        </outcomes>
      </resprocessing>
      <itemfeedback ident="correct_fb">
        <flow_mat>
          <material>
            <mattext texttype="text/html">&lt;p&gt;Correct!&lt;/p&gt;</mattext>
          </material>
        </flow_mat>
      </itemfeedback>
      <itemfeedback ident="general_fb">
        <flow_mat>
          <material>
            <mattext texttype="text/html">&lt;p&gt;Incorrect.&lt;/p&gt;</mattext>
          </material>
        </flow_mat>
      </itemfeedback>
    </item>
    <item ident="question_9_6d7bc09a" title="Question 9">
      <itemmetadata>
        <qtimetadata>
          <qtimetadatafield>
            <fieldlabel>question_type</fieldlabel>
            <fieldentry>multiple_choice_question</fieldentry>
          </qtimetadatafield>
          <qtimetadatafield>
            <fieldlabel>points_possible</fieldlabel>
            <fieldentry>1.0</fieldentry>
          </qtimetadatafield>
          <qtimetadatafield>
            <fieldlabel>original_answer_ids</fieldlabel>
            <fieldentry/>
          </qtimetadatafield>
          <qtimetadatafield>
            <fieldlabel>assessment_question_identifierref</fieldlabel>
            <fieldentry>question_9</fieldentry>
          </qtimetadatafield>
        </qtimetadata>
      </itemmetadata>
      <presentation>
        <material>
          <mattext texttype="text/html">&lt;p&gt;Base 10 (decimal) uses digits from 0 to 10.&lt;/p&gt;</mattext>
        </material>
        <response_lid ident="response1" rcardinality="Single">
          <render_choice/>
        </response_lid>
      </presentation>
      <resprocessing>
        <outcomes>
          <decvar maxvalue="100" minvalue="0" varname="SCORE" vartype="Decimal"/>
        </outcomes>
      </resprocessing>
      <itemfeedback ident="correct_fb">
        <flow_mat>
          <material>
            <mattext texttype="text/html">&lt;p&gt;Correct!&lt;/p&gt;</mattext>
          </material>
        </flow_mat>
      </itemfeedback>
      <itemfeedback ident="general_fb">
        <flow_mat>
          <material>
            <mattext texttype="text/html">&lt;p&gt;Incorrect.&lt;/p&gt;</mattext>
          </material>
        </flow_mat>
      </itemfeedback>
    </item>
    <item ident="question_10_1779e0a2" title="Question 10">
      <itemmetadata>
        <qtimetadata>
          <qtimetadatafield>
            <fieldlabel>question_type</fieldlabel>
            <fieldentry>multiple_choice_question</fieldentry>
          </qtimetadatafield>
          <qtimetadatafield>
            <fieldlabel>points_possible</fieldlabel>
            <fieldentry>1.0</fieldentry>
          </qtimetadatafield>
          <qtimetadatafield>
            <fieldlabel>original_answer_ids</fieldlabel>
            <fieldentry/>
          </qtimetadatafield>
          <qtimetadatafield>
            <fieldlabel>assessment_question_identifierref</fieldlabel>
            <fieldentry>question_10</fieldentry>
          </qtimetadatafield>
        </qtimetadata>
      </itemmetadata>
      <presentation>
        <material>
          <mattext texttype="text/html">&lt;p&gt;The hexadecimal number BC₁₆ equals 10111100₂ in binary.&lt;/p&gt;</mattext>
        </material>
        <response_lid ident="response1" rcardinality="Single">
          <render_choice/>
        </response_lid>
      </presentation>
      <resprocessing>
        <outcomes>
          <decvar maxvalue="100" minvalue="0" varname="SCORE" vartype="Decimal"/>
        </outcomes>
      </resprocessing>
      <itemfeedback ident="correct_fb">
        <flow_mat>
          <material>
            <mattext texttype="text/html">&lt;p&gt;Correct!&lt;/p&gt;</mattext>
          </material>
        </flow_mat>
      </itemfeedback>
      <itemfeedback ident="general_fb">
        <flow_mat>
          <material>
            <mattext texttype="text/html">&lt;p&gt;Incorrect.&lt;/p&gt;</mattext>
          </material>
        </flow_mat>
      </itemfeedback>
    </item>
    <item ident="question_11_b3bae370" title="Question 11">
      <itemmetadata>
        <qtimetadata>
          <qtimetadatafield>
            <fieldlabel>question_type</fieldlabel>
            <fieldentry>multiple_choice_question</fieldentry>
          </qtimetadatafield>
          <qtimetadatafield>
            <fieldlabel>points_possible</fieldlabel>
            <fieldentry>1.0</fieldentry>
          </qtimetadatafield>
          <qtimetadatafield>
            <fieldlabel>original_answer_ids</fieldlabel>
            <fieldentry/>
          </qtimetadatafield>
          <qtimetadatafield>
            <fieldlabel>assessment_question_identifierref</fieldlabel>
            <fieldentry>question_11</fieldentry>
          </qtimetadatafield>
        </qtimetadata>
      </itemmetadata>
      <presentation>
        <material>
          <mattext texttype="text/html">&lt;p&gt;Which of the following is the correct binary representation of decimal 188?&lt;/p&gt;</mattext>
        </material>
        <response_lid ident="response1" rcardinality="Single">
          <render_choice/>
        </response_lid>
      </presentation>
      <resprocessing>
        <outcomes>
          <decvar maxvalue="100" minvalue="0" varname="SCORE" vartype="Decimal"/>
        </outcomes>
      </resprocessing>
      <itemfeedback ident="correct_fb">
        <flow_mat>
          <material>
            <mattext texttype="text/html">&lt;p&gt;Correct!&lt;/p&gt;</mattext>
          </material>
        </flow_mat>
      </itemfeedback>
      <itemfeedback ident="general_fb">
        <flow_mat>
          <material>
            <mattext texttype="text/html">&lt;p&gt;Incorrect.&lt;/p&gt;</mattext>
          </material>
        </flow_mat>
      </itemfeedback>
    </item>
    <item ident="question_12_d23ad276" title="Question 12">
      <itemmetadata>
        <qtimetadata>
          <qtimetadatafield>
            <fieldlabel>question_type</fieldlabel>
            <fieldentry>multiple_choice_question</fieldentry>
          </qtimetadatafield>
          <qtimetadatafield>
            <fieldlabel>points_possible</fieldlabel>
            <fieldentry>1.0</fieldentry>
          </qtimetadatafield>
          <qtimetadatafield>
            <fieldlabel>original_answer_ids</fieldlabel>
            <fieldentry/>
          </qtimetadatafield>
          <qtimetadatafield>
            <fieldlabel>assessment_question_identifierref</fieldlabel>
            <fieldentry>question_12</fieldentry>
          </qtimetadatafield>
        </qtimetadata>
      </itemmetadata>
      <presentation>
        <material>
          <mattext texttype="text/html">&lt;p&gt;What is the decimal equivalent of 1A3₁₆?&lt;/p&gt;</mattext>
        </material>
        <response_lid ident="response1" rcardinality="Single">
          <render_choice/>
        </response_lid>
      </presentation>
      <resprocessing>
        <outcomes>
          <decvar maxvalue="100" minvalue="0" varname="SCORE" vartype="Decimal"/>
        </outcomes>
      </resprocessing>
      <itemfeedback ident="correct_fb">
        <flow_mat>
          <material>
            <mattext texttype="text/html">&lt;p&gt;Correct!&lt;/p&gt;</mattext>
          </material>
        </flow_mat>
      </itemfeedback>
      <itemfeedback ident="general_fb">
        <flow_mat>
          <material>
            <mattext texttype="text/html">&lt;p&gt;Incorrect.&lt;/p&gt;</mattext>
          </material>
        </flow_mat>
      </itemfeedback>
    </item>
    <item ident="question_13_49f0872b" title="Question 13">
      <itemmetadata>
        <qtimetadata>
          <qtimetadatafield>
            <fieldlabel>question_type</fieldlabel>
            <fieldentry>multiple_choice_question</fieldentry>
          </qtimetadatafield>
          <qtimetadatafield>
            <fieldlabel>points_possible</fieldlabel>
            <fieldentry>1.0</fieldentry>
          </qtimetadatafield>
          <qtimetadatafield>
            <fieldlabel>original_answer_ids</fieldlabel>
            <fieldentry/>
          </qtimetadatafield>
          <qtimetadatafield>
            <fieldlabel>assessment_question_identifierref</fieldlabel>
            <fieldentry>question_13</fieldentry>
          </qtimetadatafield>
        </qtimetadata>
      </itemmetadata>
      <presentation>
        <material>
          <mattext texttype="text/html">&lt;p&gt;Which number system uses the largest set of unique digits?&lt;/p&gt;</mattext>
        </material>
        <response_lid ident="response1" rcardinality="Single">
          <render_choice/>
        </response_lid>
      </presentation>
      <resprocessing>
        <outcomes>
          <decvar maxvalue="100" minvalue="0" varname="SCORE" vartype="Decimal"/>
        </outcomes>
      </resprocessing>
      <itemfeedback ident="correct_fb">
        <flow_mat>
          <material>
            <mattext texttype="text/html">&lt;p&gt;Correct!&lt;/p&gt;</mattext>
          </material>
        </flow_mat>
      </itemfeedback>
      <itemfeedback ident="general_fb">
        <flow_mat>
          <material>
            <mattext texttype="text/html">&lt;p&gt;Incorrect.&lt;/p&gt;</mattext>
          </material>
        </flow_mat>
      </itemfeedback>
    </item>
    <item ident="question_14_631f6d2d" title="Question 14">
      <itemmetadata>
        <qtimetadata>
          <qtimetadatafield>
            <fieldlabel>question_type</fieldlabel>
            <fieldentry>multiple_choice_question</fieldentry>
          </qtimetadatafield>
          <qtimetadatafield>
            <fieldlabel>points_possible</fieldlabel>
            <fieldentry>1.0</fieldentry>
          </qtimetadatafield>
          <qtimetadatafield>
            <fieldlabel>original_answer_ids</fieldlabel>
            <fieldentry/>
          </qtimetadatafield>
          <qtimetadatafield>
            <fieldlabel>assessment_question_identifierref</fieldlabel>
            <fieldentry>question_14</fieldentry>
          </qtimetadatafield>
        </qtimetadata>
      </itemmetadata>
      <presentation>
        <material>
          <mattext texttype="text/html">&lt;p&gt;What is the value of 2³ in decimal?&lt;/p&gt;</mattext>
        </material>
        <response_lid ident="response1" rcardinality="Single">
          <render_choice/>
        </response_lid>
      </presentation>
      <resprocessing>
        <outcomes>
          <decvar maxvalue="100" minvalue="0" varname="SCORE" vartype="Decimal"/>
        </outcomes>
      </resprocessing>
      <itemfeedback ident="correct_fb">
        <flow_mat>
          <material>
            <mattext texttype="text/html">&lt;p&gt;Correct!&lt;/p&gt;</mattext>
          </material>
        </flow_mat>
      </itemfeedback>
      <itemfeedback ident="general_fb">
        <flow_mat>
          <material>
            <mattext texttype="text/html">&lt;p&gt;Incorrect.&lt;/p&gt;</mattext>
          </material>
        </flow_mat>
      </itemfeedback>
    </item>
    <item ident="question_15_69b69e2d" title="Question 15">
      <itemmetadata>
        <qtimetadata>
          <qtimetadatafield>
            <fieldlabel>question_type</fieldlabel>
            <fieldentry>multiple_choice_question</fieldentry>
          </qtimetadatafield>
          <qtimetadatafield>
            <fieldlabel>points_possible</fieldlabel>
            <fieldentry>1.0</fieldentry>
          </qtimetadatafield>
          <qtimetadatafield>
            <fieldlabel>original_answer_ids</fieldlabel>
            <fieldentry/>
          </qtimetadatafield>
          <qtimetadatafield>
            <fieldlabel>assessment_question_identifierref</fieldlabel>
            <fieldentry>question_15</fieldentry>
          </qtimetadatafield>
        </qtimetadata>
      </itemmetadata>
      <presentation>
        <material>
          <mattext texttype="text/html">&lt;p&gt;In hexadecimal, what decimal value does the digit 'C' represent?&lt;/p&gt;</mattext>
        </material>
        <response_lid ident="response1" rcardinality="Single">
          <render_choice/>
        </response_lid>
      </presentation>
      <resprocessing>
        <outcomes>
          <decvar maxvalue="100" minvalue="0" varname="SCORE" vartype="Decimal"/>
        </outcomes>
      </resprocessing>
      <itemfeedback ident="correct_fb">
        <flow_mat>
          <material>
            <mattext texttype="text/html">&lt;p&gt;Correct!&lt;/p&gt;</mattext>
          </material>
        </flow_mat>
      </itemfeedback>
      <itemfeedback ident="general_fb">
        <flow_mat>
          <material>
            <mattext texttype="text/html">&lt;p&gt;Incorrect.&lt;/p&gt;</mattext>
          </material>
        </flow_mat>
      </itemfeedback>
    </item>
    <item ident="question_16_2a46fc34" title="Question 16">
      <itemmetadata>
        <qtimetadata>
          <qtimetadatafield>
            <fieldlabel>question_type</fieldlabel>
            <fieldentry>multiple_choice_question</fieldentry>
          </qtimetadatafield>
          <qtimetadatafield>
            <fieldlabel>points_possible</fieldlabel>
            <fieldentry>1.0</fieldentry>
          </qtimetadatafield>
          <qtimetadatafield>
            <fieldlabel>original_answer_ids</fieldlabel>
            <fieldentry/>
          </qtimetadatafield>
          <qtimetadatafield>
            <fieldlabel>assessment_question_identifierref</fieldlabel>
            <fieldentry>question_16</fieldentry>
          </qtimetadatafield>
        </qtimetadata>
      </itemmetadata>
      <presentation>
        <material>
          <mattext texttype="text/html">&lt;p&gt;Which of the following is NOT a valid octal number?&lt;/p&gt;</mattext>
        </material>
        <response_lid ident="response1" rcardinality="Single">
          <render_choice/>
        </response_lid>
      </presentation>
      <resprocessing>
        <outcomes>
          <decvar maxvalue="100" minvalue="0" varname="SCORE" vartype="Decimal"/>
        </outcomes>
      </resprocessing>
      <itemfeedback ident="correct_fb">
        <flow_mat>
          <material>
            <mattext texttype="text/html">&lt;p&gt;Correct!&lt;/p&gt;</mattext>
          </material>
        </flow_mat>
      </itemfeedback>
      <itemfeedback ident="general_fb">
        <flow_mat>
          <material>
            <mattext texttype="text/html">&lt;p&gt;Incorrect.&lt;/p&gt;</mattext>
          </material>
        </flow_mat>
      </itemfeedback>
    </item>
    <item ident="question_17_cbc71013" title="Question 17">
      <itemmetadata>
        <qtimetadata>
          <qtimetadatafield>
            <fieldlabel>question_type</fieldlabel>
            <fieldentry>multiple_choice_question</fieldentry>
          </qtimetadatafield>
          <qtimetadatafield>
            <fieldlabel>points_possible</fieldlabel>
            <fieldentry>1.0</fieldentry>
          </qtimetadatafield>
          <qtimetadatafield>
            <fieldlabel>original_answer_ids</fieldlabel>
            <fieldentry/>
          </qtimetadatafield>
          <qtimetadatafield>
            <fieldlabel>assessment_question_identifierref</fieldlabel>
            <fieldentry>question_17</fieldentry>
          </qtimetadatafield>
        </qtimetadata>
      </itemmetadata>
      <presentation>
        <material>
          <mattext texttype="text/html">&lt;p&gt;What is BC₁₆ in decimal?&lt;/p&gt;</mattext>
        </material>
        <response_lid ident="response1" rcardinality="Single">
          <render_choice/>
        </response_lid>
      </presentation>
      <resprocessing>
        <outcomes>
          <decvar maxvalue="100" minvalue="0" varname="SCORE" vartype="Decimal"/>
        </outcomes>
      </resprocessing>
      <itemfeedback ident="correct_fb">
        <flow_mat>
          <material>
            <mattext texttype="text/html">&lt;p&gt;Correct!&lt;/p&gt;</mattext>
          </material>
        </flow_mat>
      </itemfeedback>
      <itemfeedback ident="general_fb">
        <flow_mat>
          <material>
            <mattext texttype="text/html">&lt;p&gt;Incorrect.&lt;/p&gt;</mattext>
          </material>
        </flow_mat>
      </itemfeedback>
    </item>
    <item ident="question_18_1f111416" title="Question 18">
      <itemmetadata>
        <qtimetadata>
          <qtimetadatafield>
            <fieldlabel>question_type</fieldlabel>
            <fieldentry>multiple_choice_question</fieldentry>
          </qtimetadatafield>
          <qtimetadatafield>
            <fieldlabel>points_possible</fieldlabel>
            <fieldentry>1.0</fieldentry>
          </qtimetadatafield>
          <qtimetadatafield>
            <fieldlabel>original_answer_ids</fieldlabel>
            <fieldentry/>
          </qtimetadatafield>
          <qtimetadatafield>
            <fieldlabel>assessment_question_identifierref</fieldlabel>
            <fieldentry>question_18</fieldentry>
          </qtimetadatafield>
        </qtimetadata>
      </itemmetadata>
      <presentation>
        <material>
          <mattext texttype="text/html">&lt;p&gt;The place value of the leftmost digit in 1011₂ is:&lt;/p&gt;</mattext>
        </material>
        <response_lid ident="response1" rcardinality="Single">
          <render_choice/>
        </response_lid>
      </presentation>
      <resprocessing>
        <outcomes>
          <decvar maxvalue="100" minvalue="0" varname="SCORE" vartype="Decimal"/>
        </outcomes>
      </resprocessing>
      <itemfeedback ident="correct_fb">
        <flow_mat>
          <material>
            <mattext texttype="text/html">&lt;p&gt;Correct!&lt;/p&gt;</mattext>
          </material>
        </flow_mat>
      </itemfeedback>
      <itemfeedback ident="general_fb">
        <flow_mat>
          <material>
            <mattext texttype="text/html">&lt;p&gt;Incorrect.&lt;/p&gt;</mattext>
          </material>
        </flow_mat>
      </itemfeedback>
    </item>
    <item ident="question_19_64dd057e" title="Question 19">
      <itemmetadata>
        <qtimetadata>
          <qtimetadatafield>
            <fieldlabel>question_type</fieldlabel>
            <fieldentry>multiple_choice_question</fieldentry>
          </qtimetadatafield>
          <qtimetadatafield>
            <fieldlabel>points_possible</fieldlabel>
            <fieldentry>1.0</fieldentry>
          </qtimetadatafield>
          <qtimetadatafield>
            <fieldlabel>original_answer_ids</fieldlabel>
            <fieldentry/>
          </qtimetadatafield>
          <qtimetadatafield>
            <fieldlabel>assessment_question_identifierref</fieldlabel>
            <fieldentry>question_19</fieldentry>
          </qtimetadatafield>
        </qtimetadata>
      </itemmetadata>
      <presentation>
        <material>
          <mattext texttype="text/html">&lt;p&gt;Which conversion requires grouping binary digits by 3s from right to left?&lt;/p&gt;</mattext>
        </material>
        <response_lid ident="response1" rcardinality="Single">
          <render_choice/>
        </response_lid>
      </presentation>
      <resprocessing>
        <outcomes>
          <decvar maxvalue="100" minvalue="0" varname="SCORE" vartype="Decimal"/>
        </outcomes>
      </resprocessing>
      <itemfeedback ident="correct_fb">
        <flow_mat>
          <material>
            <mattext texttype="text/html">&lt;p&gt;Correct!&lt;/p&gt;</mattext>
          </material>
        </flow_mat>
      </itemfeedback>
      <itemfeedback ident="general_fb">
        <flow_mat>
          <material>
            <mattext texttype="text/html">&lt;p&gt;Incorrect.&lt;/p&gt;</mattext>
          </material>
        </flow_mat>
      </itemfeedback>
    </item>
    <item ident="question_20_18f49668" title="Question 20">
      <itemmetadata>
        <qtimetadata>
          <qtimetadatafield>
            <fieldlabel>question_type</fieldlabel>
            <fieldentry>multiple_choice_question</fieldentry>
          </qtimetadatafield>
          <qtimetadatafield>
            <fieldlabel>points_possible</fieldlabel>
            <fieldentry>1.0</fieldentry>
          </qtimetadatafield>
          <qtimetadatafield>
            <fieldlabel>original_answer_ids</fieldlabel>
            <fieldentry/>
          </qtimetadatafield>
          <qtimetadatafield>
            <fieldlabel>assessment_question_identifierref</fieldlabel>
            <fieldentry>question_20</fieldentry>
          </qtimetadatafield>
        </qtimetadata>
      </itemmetadata>
      <presentation>
        <material>
          <mattext texttype="text/html">&lt;p&gt;What is the decimal value of E in hexadecimal?&lt;/p&gt;</mattext>
        </material>
        <response_lid ident="response1" rcardinality="Single">
          <render_choice/>
        </response_lid>
      </presentation>
      <resprocessing>
        <outcomes>
          <decvar maxvalue="100" minvalue="0" varname="SCORE" vartype="Decimal"/>
        </outcomes>
      </resprocessing>
      <itemfeedback ident="correct_fb">
        <flow_mat>
          <material>
            <mattext texttype="text/html">&lt;p&gt;Correct!&lt;/p&gt;</mattext>
          </material>
        </flow_mat>
      </itemfeedback>
      <itemfeedback ident="general_fb">
        <flow_mat>
          <material>
            <mattext texttype="text/html">&lt;p&gt;Incorrect.&lt;/p&gt;</mattext>
          </material>
        </flow_mat>
      </itemfeedback>
    </item>
    <item ident="question_21_29062db8" title="Question 21">
      <itemmetadata>
        <qtimetadata>
          <qtimetadatafield>
            <fieldlabel>question_type</fieldlabel>
            <fieldentry>multiple_choice_question</fieldentry>
          </qtimetadatafield>
          <qtimetadatafield>
            <fieldlabel>points_possible</fieldlabel>
            <fieldentry>1.0</fieldentry>
          </qtimetadatafield>
          <qtimetadatafield>
            <fieldlabel>original_answer_ids</fieldlabel>
            <fieldentry/>
          </qtimetadatafield>
          <qtimetadatafield>
            <fieldlabel>assessment_question_identifierref</fieldlabel>
            <fieldentry>question_21</fieldentry>
          </qtimetadatafield>
        </qtimetadata>
      </itemmetadata>
      <presentation>
        <material>
          <mattext texttype="text/html">&lt;p&gt;The binary number system is also known as Base _____.&lt;/p&gt;</mattext>
        </material>
        <response_lid ident="response1" rcardinality="Single">
          <render_choice/>
        </response_lid>
      </presentation>
      <resprocessing>
        <outcomes>
          <decvar maxvalue="100" minvalue="0" varname="SCORE" vartype="Decimal"/>
        </outcomes>
      </resprocessing>
      <itemfeedback ident="correct_fb">
        <flow_mat>
          <material>
            <mattext texttype="text/html">&lt;p&gt;Correct!&lt;/p&gt;</mattext>
          </material>
        </flow_mat>
      </itemfeedback>
      <itemfeedback ident="general_fb">
        <flow_mat>
          <material>
            <mattext texttype="text/html">&lt;p&gt;Incorrect.&lt;/p&gt;</mattext>
          </material>
        </flow_mat>
      </itemfeedback>
    </item>
    <item ident="question_22_8570f96d" title="Question 22">
      <itemmetadata>
        <qtimetadata>
          <qtimetadatafield>
            <fieldlabel>question_type</fieldlabel>
            <fieldentry>multiple_choice_question</fieldentry>
          </qtimetadatafield>
          <qtimetadatafield>
            <fieldlabel>points_possible</fieldlabel>
            <fieldentry>1.0</fieldentry>
          </qtimetadatafield>
          <qtimetadatafield>
            <fieldlabel>original_answer_ids</fieldlabel>
            <fieldentry/>
          </qtimetadatafield>
          <qtimetadatafield>
            <fieldlabel>assessment_question_identifierref</fieldlabel>
            <fieldentry>question_22</fieldentry>
          </qtimetadatafield>
        </qtimetadata>
      </itemmetadata>
      <presentation>
        <material>
          <mattext texttype="text/html">&lt;p&gt;To convert binary 10111100₂ to hexadecimal, we group the digits by _____ from right to left.&lt;/p&gt;</mattext>
        </material>
        <response_lid ident="response1" rcardinality="Single">
          <render_choice/>
        </response_lid>
      </presentation>
      <resprocessing>
        <outcomes>
          <decvar maxvalue="100" minvalue="0" varname="SCORE" vartype="Decimal"/>
        </outcomes>
      </resprocessing>
      <itemfeedback ident="correct_fb">
        <flow_mat>
          <material>
            <mattext texttype="text/html">&lt;p&gt;Correct!&lt;/p&gt;</mattext>
          </material>
        </flow_mat>
      </itemfeedback>
      <itemfeedback ident="general_fb">
        <flow_mat>
          <material>
            <mattext texttype="text/html">&lt;p&gt;Incorrect.&lt;/p&gt;</mattext>
          </material>
        </flow_mat>
      </itemfeedback>
    </item>
    <item ident="question_23_826ff50a" title="Question 23">
      <itemmetadata>
        <qtimetadata>
          <qtimetadatafield>
            <fieldlabel>question_type</fieldlabel>
            <fieldentry>multiple_choice_question</fieldentry>
          </qtimetadatafield>
          <qtimetadatafield>
            <fieldlabel>points_possible</fieldlabel>
            <fieldentry>1.0</fieldentry>
          </qtimetadatafield>
          <qtimetadatafield>
            <fieldlabel>original_answer_ids</fieldlabel>
            <fieldentry/>
          </qtimetadatafield>
          <qtimetadatafield>
            <fieldlabel>assessment_question_identifierref</fieldlabel>
            <fieldentry>question_23</fieldentry>
          </qtimetadatafield>
        </qtimetadata>
      </itemmetadata>
      <presentation>
        <material>
          <mattext texttype="text/html">&lt;p&gt;The octal number system uses digits from 0 to _____.&lt;/p&gt;</mattext>
        </material>
        <response_lid ident="response1" rcardinality="Single">
          <render_choice/>
        </response_lid>
      </presentation>
      <resprocessing>
        <outcomes>
          <decvar maxvalue="100" minvalue="0" varname="SCORE" vartype="Decimal"/>
        </outcomes>
      </resprocessing>
      <itemfeedback ident="correct_fb">
        <flow_mat>
          <material>
            <mattext texttype="text/html">&lt;p&gt;Correct!&lt;/p&gt;</mattext>
          </material>
        </flow_mat>
      </itemfeedback>
      <itemfeedback ident="general_fb">
        <flow_mat>
          <material>
            <mattext texttype="text/html">&lt;p&gt;Incorrect.&lt;/p&gt;</mattext>
          </material>
        </flow_mat>
      </itemfeedback>
    </item>
    <item ident="question_24_bd7ead13" title="Question 24">
      <itemmetadata>
        <qtimetadata>
          <qtimetadatafield>
            <fieldlabel>question_type</fieldlabel>
            <fieldentry>multiple_choice_question</fieldentry>
          </qtimetadatafield>
          <qtimetadatafield>
            <fieldlabel>points_possible</fieldlabel>
            <fieldentry>1.0</fieldentry>
          </qtimetadatafield>
          <qtimetadatafield>
            <fieldlabel>original_answer_ids</fieldlabel>
            <fieldentry/>
          </qtimetadatafield>
          <qtimetadatafield>
            <fieldlabel>assessment_question_identifierref</fieldlabel>
            <fieldentry>question_24</fieldentry>
          </qtimetadatafield>
        </qtimetadata>
      </itemmetadata>
      <presentation>
        <material>
          <mattext texttype="text/html">&lt;p&gt;In the decimal number 253₁₀, the digit 5 represents the value _____.&lt;/p&gt;</mattext>
        </material>
        <response_lid ident="response1" rcardinality="Single">
          <render_choice/>
        </response_lid>
      </presentation>
      <resprocessing>
        <outcomes>
          <decvar maxvalue="100" minvalue="0" varname="SCORE" vartype="Decimal"/>
        </outcomes>
      </resprocessing>
      <itemfeedback ident="correct_fb">
        <flow_mat>
          <material>
            <mattext texttype="text/html">&lt;p&gt;Correct!&lt;/p&gt;</mattext>
          </material>
        </flow_mat>
      </itemfeedback>
      <itemfeedback ident="general_fb">
        <flow_mat>
          <material>
            <mattext texttype="text/html">&lt;p&gt;Incorrect.&lt;/p&gt;</mattext>
          </material>
        </flow_mat>
      </itemfeedback>
    </item>
    <item ident="question_25_0289e49d" title="Question 25">
      <itemmetadata>
        <qtimetadata>
          <qtimetadatafield>
            <fieldlabel>question_type</fieldlabel>
            <fieldentry>multiple_choice_question</fieldentry>
          </qtimetadatafield>
          <qtimetadatafield>
            <fieldlabel>points_possible</fieldlabel>
            <fieldentry>1.0</fieldentry>
          </qtimetadatafield>
          <qtimetadatafield>
            <fieldlabel>original_answer_ids</fieldlabel>
            <fieldentry/>
          </qtimetadatafield>
          <qtimetadatafield>
            <fieldlabel>assessment_question_identifierref</fieldlabel>
            <fieldentry>question_25</fieldentry>
          </qtimetadatafield>
        </qtimetadata>
      </itemmetadata>
      <presentation>
        <material>
          <mattext texttype="text/html">&lt;p&gt;The hexadecimal digit that represents decimal 13 is _____.&lt;/p&gt;</mattext>
        </material>
        <response_lid ident="response1" rcardinality="Single">
          <render_choice/>
        </response_lid>
      </presentation>
      <resprocessing>
        <outcomes>
          <decvar maxvalue="100" minvalue="0" varname="SCORE" vartype="Decimal"/>
        </outcomes>
      </resprocessing>
      <itemfeedback ident="correct_fb">
        <flow_mat>
          <material>
            <mattext texttype="text/html">&lt;p&gt;Correct!&lt;/p&gt;</mattext>
          </material>
        </flow_mat>
      </itemfeedback>
      <itemfeedback ident="general_fb">
        <flow_mat>
          <material>
            <mattext texttype="text/html">&lt;p&gt;Incorrect.&lt;/p&gt;</mattext>
          </material>
        </flow_mat>
      </itemfeedback>
    </item>
    <item ident="question_26_d27122a8" title="Question 26">
      <itemmetadata>
        <qtimetadata>
          <qtimetadatafield>
            <fieldlabel>question_type</fieldlabel>
            <fieldentry>multiple_choice_question</fieldentry>
          </qtimetadatafield>
          <qtimetadatafield>
            <fieldlabel>points_possible</fieldlabel>
            <fieldentry>1.0</fieldentry>
          </qtimetadatafield>
          <qtimetadatafield>
            <fieldlabel>original_answer_ids</fieldlabel>
            <fieldentry/>
          </qtimetadatafield>
          <qtimetadatafield>
            <fieldlabel>assessment_question_identifierref</fieldlabel>
            <fieldentry>question_26</fieldentry>
          </qtimetadatafield>
        </qtimetadata>
      </itemmetadata>
      <presentation>
        <material>
          <mattext texttype="text/html">&lt;p&gt;Binary 1011₂ equals _____ in decimal.&lt;/p&gt;</mattext>
        </material>
        <response_lid ident="response1" rcardinality="Single">
          <render_choice/>
        </response_lid>
      </presentation>
      <resprocessing>
        <outcomes>
          <decvar maxvalue="100" minvalue="0" varname="SCORE" vartype="Decimal"/>
        </outcomes>
      </resprocessing>
      <itemfeedback ident="correct_fb">
        <flow_mat>
          <material>
            <mattext texttype="text/html">&lt;p&gt;Correct!&lt;/p&gt;</mattext>
          </material>
        </flow_mat>
      </itemfeedback>
      <itemfeedback ident="general_fb">
        <flow_mat>
          <material>
            <mattext texttype="text/html">&lt;p&gt;Incorrect.&lt;/p&gt;</mattext>
          </material>
        </flow_mat>
      </itemfeedback>
    </item>
    <item ident="question_27_d8b87168" title="Question 27">
      <itemmetadata>
        <qtimetadata>
          <qtimetadatafield>
            <fieldlabel>question_type</fieldlabel>
            <fieldentry>multiple_choice_question</fieldentry>
          </qtimetadatafield>
          <qtimetadatafield>
            <fieldlabel>points_possible</fieldlabel>
            <fieldentry>1.0</fieldentry>
          </qtimetadatafield>
          <qtimetadatafield>
            <fieldlabel>original_answer_ids</fieldlabel>
            <fieldentry/>
          </qtimetadatafield>
          <qtimetadatafield>
            <fieldlabel>assessment_question_identifierref</fieldlabel>
            <fieldentry>question_27</fieldentry>
          </qtimetadatafield>
        </qtimetadata>
      </itemmetadata>
      <presentation>
        <material>
          <mattext texttype="text/html">&lt;p&gt;The octal equivalent of binary 10111100₂ is _____.&lt;/p&gt;</mattext>
        </material>
        <response_lid ident="response1" rcardinality="Single">
          <render_choice/>
        </response_lid>
      </presentation>
      <resprocessing>
        <outcomes>
          <decvar maxvalue="100" minvalue="0" varname="SCORE" vartype="Decimal"/>
        </outcomes>
      </resprocessing>
      <itemfeedback ident="correct_fb">
        <flow_mat>
          <material>
            <mattext texttype="text/html">&lt;p&gt;Correct!&lt;/p&gt;</mattext>
          </material>
        </flow_mat>
      </itemfeedback>
      <itemfeedback ident="general_fb">
        <flow_mat>
          <material>
            <mattext texttype="text/html">&lt;p&gt;Incorrect.&lt;/p&gt;</mattext>
          </material>
        </flow_mat>
      </itemfeedback>
    </item>
    <item ident="question_28_aa4f6084" title="Question 28">
      <itemmetadata>
        <qtimetadata>
          <qtimetadatafield>
            <fieldlabel>question_type</fieldlabel>
            <fieldentry>multiple_choice_question</fieldentry>
          </qtimetadatafield>
          <qtimetadatafield>
            <fieldlabel>points_possible</fieldlabel>
            <fieldentry>1.0</fieldentry>
          </qtimetadatafield>
          <qtimetadatafield>
            <fieldlabel>original_answer_ids</fieldlabel>
            <fieldentry/>
          </qtimetadatafield>
          <qtimetadatafield>
            <fieldlabel>assessment_question_identifierref</fieldlabel>
            <fieldentry>question_28</fieldentry>
          </qtimetadatafield>
        </qtimetadata>
      </itemmetadata>
      <presentation>
        <material>
          <mattext texttype="text/html">&lt;p&gt;In hexadecimal, the digits after 9 are represented by the letters A through _____.&lt;/p&gt;</mattext>
        </material>
        <response_lid ident="response1" rcardinality="Single">
          <render_choice/>
        </response_lid>
      </presentation>
      <resprocessing>
        <outcomes>
          <decvar maxvalue="100" minvalue="0" varname="SCORE" vartype="Decimal"/>
        </outcomes>
      </resprocessing>
      <itemfeedback ident="correct_fb">
        <flow_mat>
          <material>
            <mattext texttype="text/html">&lt;p&gt;Correct!&lt;/p&gt;</mattext>
          </material>
        </flow_mat>
      </itemfeedback>
      <itemfeedback ident="general_fb">
        <flow_mat>
          <material>
            <mattext texttype="text/html">&lt;p&gt;Incorrect.&lt;/p&gt;</mattext>
          </material>
        </flow_mat>
      </itemfeedback>
    </item>
    <item ident="question_29_f95cb666" title="Question 29">
      <itemmetadata>
        <qtimetadata>
          <qtimetadatafield>
            <fieldlabel>question_type</fieldlabel>
            <fieldentry>multiple_choice_question</fieldentry>
          </qtimetadatafield>
          <qtimetadatafield>
            <fieldlabel>points_possible</fieldlabel>
            <fieldentry>1.0</fieldentry>
          </qtimetadatafield>
          <qtimetadatafield>
            <fieldlabel>original_answer_ids</fieldlabel>
            <fieldentry/>
          </qtimetadatafield>
          <qtimetadatafield>
            <fieldlabel>assessment_question_identifierref</fieldlabel>
            <fieldentry>question_29</fieldentry>
          </qtimetadatafield>
        </qtimetadata>
      </itemmetadata>
      <presentation>
        <material>
          <mattext texttype="text/html">&lt;p&gt;To convert 47₈ to decimal, we calculate: 4 × _____ + 7 × 8⁰ = 39₁₀.&lt;/p&gt;</mattext>
        </material>
        <response_lid ident="response1" rcardinality="Single">
          <render_choice/>
        </response_lid>
      </presentation>
      <resprocessing>
        <outcomes>
          <decvar maxvalue="100" minvalue="0" varname="SCORE" vartype="Decimal"/>
        </outcomes>
      </resprocessing>
      <itemfeedback ident="correct_fb">
        <flow_mat>
          <material>
            <mattext texttype="text/html">&lt;p&gt;Correct!&lt;/p&gt;</mattext>
          </material>
        </flow_mat>
      </itemfeedback>
      <itemfeedback ident="general_fb">
        <flow_mat>
          <material>
            <mattext texttype="text/html">&lt;p&gt;Incorrect.&lt;/p&gt;</mattext>
          </material>
        </flow_mat>
      </itemfeedback>
    </item>
    <item ident="question_30_6f1c2a8e" title="Question 30">
      <itemmetadata>
        <qtimetadata>
          <qtimetadatafield>
            <fieldlabel>question_type</fieldlabel>
            <fieldentry>multiple_choice_question</fieldentry>
          </qtimetadatafield>
          <qtimetadatafield>
            <fieldlabel>points_possible</fieldlabel>
            <fieldentry>1.0</fieldentry>
          </qtimetadatafield>
          <qtimetadatafield>
            <fieldlabel>original_answer_ids</fieldlabel>
            <fieldentry/>
          </qtimetadatafield>
          <qtimetadatafield>
            <fieldlabel>assessment_question_identifierref</fieldlabel>
            <fieldentry>question_30</fieldentry>
          </qtimetadatafield>
        </qtimetadata>
      </itemmetadata>
      <presentation>
        <material>
          <mattext texttype="text/html">&lt;p&gt;The binary grouping 1100₂ equals _____ in hexadecimal.&lt;/p&gt;</mattext>
        </material>
        <response_lid ident="response1" rcardinality="Single">
          <render_choice/>
        </response_lid>
      </presentation>
      <resprocessing>
        <outcomes>
          <decvar maxvalue="100" minvalue="0" varname="SCORE" vartype="Decimal"/>
        </outcomes>
      </resprocessing>
      <itemfeedback ident="correct_fb">
        <flow_mat>
          <material>
            <mattext texttype="text/html">&lt;p&gt;Correct!&lt;/p&gt;</mattext>
          </material>
        </flow_mat>
      </itemfeedback>
      <itemfeedback ident="general_fb">
        <flow_mat>
          <material>
            <mattext texttype="text/html">&lt;p&gt;Incorrect.&lt;/p&gt;</mattext>
          </material>
        </flow_mat>
      </itemfeedback>
    </item>
  </section>
</assessment>
