<?xml version="1.0" ?>
<assessment xmlns="http://www.imsglobal.org/xsd/ims_qtiasiv1p2" xmlns:xsi="http://www.w3.org/2001/XMLSchema-instance" xsi:schemaLocation="http://www.imsglobal.org/xsd/ims_qtiasiv1p2 http://www.imsglobal.org/xsd/ims_qtiasiv1p2p1.xsd" ident="assessment_0dbff226" title="Set Theory Quiz F25">
  <qtimetadata>
    <qtimetadatafield>
      <fieldlabel>cc_maxattempts</fieldlabel>
      <fieldentry>1</fieldentry>
    </qtimetadatafield>
  </qtimetadata>
  <section ident="root_section">
    <item ident="question_1_f8731d3c" title="Question 1">
      <itemmetadata>
        <qtimetadata>
          <qtimetadatafield>
            <fieldlabel>question_type</fieldlabel>
            <fieldentry>multiple_choice_question</fieldentry>
          </qtimetadatafield>
          <qtimetadatafield>
            <fieldlabel>points_possible</fieldlabel>
            <fieldentry>1.0</fieldentry>
          </qtimetadatafield>
          <qtimetadatafield>
            <fieldlabel>original_answer_ids</fieldlabel>
            <fieldentry/>
          </qtimetadatafield>
          <qtimetadatafield>
            <fieldlabel>assessment_question_identifierref</fieldlabel>
            <fieldentry>question_1</fieldentry>
          </qtimetadatafield>
        </qtimetadata>
      </itemmetadata>
      <presentation>
        <material>
          <mattext texttype="text/html">&lt;p&gt;The sets {1, 2, 3} and {3, 1, 2} are considered equal because sets are unordered.&lt;/p&gt;</mattext>
        </material>
        <response_lid ident="response1" rcardinality="Single">
          <render_choice/>
        </response_lid>
      </presentation>
      <resprocessing>
        <outcomes>
          <decvar maxvalue="100" minvalue="0" varname="SCORE" vartype="Decimal"/>
        </outcomes>
      </resprocessing>
      <itemfeedback ident="correct_fb">
        <flow_mat>
          <material>
            <mattext texttype="text/html">&lt;p&gt;Correct!&lt;/p&gt;</mattext>
          </material>
        </flow_mat>
      </itemfeedback>
      <itemfeedback ident="general_fb">
        <flow_mat>
          <material>
            <mattext texttype="text/html">&lt;p&gt;Incorrect.&lt;/p&gt;</mattext>
          </material>
        </flow_mat>
      </itemfeedback>
    </item>
    <item ident="question_2_07208bb1" title="Question 2">
      <itemmetadata>
        <qtimetadata>
          <qtimetadatafield>
            <fieldlabel>question_type</fieldlabel>
            <fieldentry>multiple_choice_question</fieldentry>
          </qtimetadatafield>
          <qtimetadatafield>
            <fieldlabel>points_possible</fieldlabel>
            <fieldentry>1.0</fieldentry>
          </qtimetadatafield>
          <qtimetadatafield>
            <fieldlabel>original_answer_ids</fieldlabel>
            <fieldentry/>
          </qtimetadatafield>
          <qtimetadatafield>
            <fieldlabel>assessment_question_identifierref</fieldlabel>
            <fieldentry>question_2</fieldentry>
          </qtimetadatafield>
        </qtimetadata>
      </itemmetadata>
      <presentation>
        <material>
          <mattext texttype="text/html">&lt;p&gt;The set {a, a, b, c} has a cardinality of 4.&lt;/p&gt;</mattext>
        </material>
        <response_lid ident="response1" rcardinality="Single">
          <render_choice/>
        </response_lid>
      </presentation>
      <resprocessing>
        <outcomes>
          <decvar maxvalue="100" minvalue="0" varname="SCORE" vartype="Decimal"/>
        </outcomes>
      </resprocessing>
      <itemfeedback ident="correct_fb">
        <flow_mat>
          <material>
            <mattext texttype="text/html">&lt;p&gt;Correct!&lt;/p&gt;</mattext>
          </material>
        </flow_mat>
      </itemfeedback>
      <itemfeedback ident="general_fb">
        <flow_mat>
          <material>
            <mattext texttype="text/html">&lt;p&gt;Incorrect.&lt;/p&gt;</mattext>
          </material>
        </flow_mat>
      </itemfeedback>
    </item>
    <item ident="question_3_a5b5dd74" title="Question 3">
      <itemmetadata>
        <qtimetadata>
          <qtimetadatafield>
            <fieldlabel>question_type</fieldlabel>
            <fieldentry>multiple_choice_question</fieldentry>
          </qtimetadatafield>
          <qtimetadatafield>
            <fieldlabel>points_possible</fieldlabel>
            <fieldentry>1.0</fieldentry>
          </qtimetadatafield>
          <qtimetadatafield>
            <fieldlabel>original_answer_ids</fieldlabel>
            <fieldentry/>
          </qtimetadatafield>
          <qtimetadatafield>
            <fieldlabel>assessment_question_identifierref</fieldlabel>
            <fieldentry>question_3</fieldentry>
          </qtimetadatafield>
        </qtimetadata>
      </itemmetadata>
      <presentation>
        <material>
          <mattext texttype="text/html">&lt;p&gt;The empty set ∅ is a subset of every set.&lt;/p&gt;</mattext>
        </material>
        <response_lid ident="response1" rcardinality="Single">
          <render_choice/>
        </response_lid>
      </presentation>
      <resprocessing>
        <outcomes>
          <decvar maxvalue="100" minvalue="0" varname="SCORE" vartype="Decimal"/>
        </outcomes>
      </resprocessing>
      <itemfeedback ident="correct_fb">
        <flow_mat>
          <material>
            <mattext texttype="text/html">&lt;p&gt;Correct!&lt;/p&gt;</mattext>
          </material>
        </flow_mat>
      </itemfeedback>
      <itemfeedback ident="general_fb">
        <flow_mat>
          <material>
            <mattext texttype="text/html">&lt;p&gt;Incorrect.&lt;/p&gt;</mattext>
          </material>
        </flow_mat>
      </itemfeedback>
    </item>
    <item ident="question_4_68247d80" title="Question 4">
      <itemmetadata>
        <qtimetadata>
          <qtimetadatafield>
            <fieldlabel>question_type</fieldlabel>
            <fieldentry>multiple_choice_question</fieldentry>
          </qtimetadatafield>
          <qtimetadatafield>
            <fieldlabel>points_possible</fieldlabel>
            <fieldentry>1.0</fieldentry>
          </qtimetadatafield>
          <qtimetadatafield>
            <fieldlabel>original_answer_ids</fieldlabel>
            <fieldentry/>
          </qtimetadatafield>
          <qtimetadatafield>
            <fieldlabel>assessment_question_identifierref</fieldlabel>
            <fieldentry>question_4</fieldentry>
          </qtimetadatafield>
        </qtimetadata>
      </itemmetadata>
      <presentation>
        <material>
          <mattext texttype="text/html">&lt;p&gt;If A ⊂ B, then A and B can be equal sets.&lt;/p&gt;</mattext>
        </material>
        <response_lid ident="response1" rcardinality="Single">
          <render_choice/>
        </response_lid>
      </presentation>
      <resprocessing>
        <outcomes>
          <decvar maxvalue="100" minvalue="0" varname="SCORE" vartype="Decimal"/>
        </outcomes>
      </resprocessing>
      <itemfeedback ident="correct_fb">
        <flow_mat>
          <material>
            <mattext texttype="text/html">&lt;p&gt;Correct!&lt;/p&gt;</mattext>
          </material>
        </flow_mat>
      </itemfeedback>
      <itemfeedback ident="general_fb">
        <flow_mat>
          <material>
            <mattext texttype="text/html">&lt;p&gt;Incorrect.&lt;/p&gt;</mattext>
          </material>
        </flow_mat>
      </itemfeedback>
    </item>
    <item ident="question_5_0205bd3f" title="Question 5">
      <itemmetadata>
        <qtimetadata>
          <qtimetadatafield>
            <fieldlabel>question_type</fieldlabel>
            <fieldentry>multiple_choice_question</fieldentry>
          </qtimetadatafield>
          <qtimetadatafield>
            <fieldlabel>points_possible</fieldlabel>
            <fieldentry>1.0</fieldentry>
          </qtimetadatafield>
          <qtimetadatafield>
            <fieldlabel>original_answer_ids</fieldlabel>
            <fieldentry/>
          </qtimetadatafield>
          <qtimetadatafield>
            <fieldlabel>assessment_question_identifierref</fieldlabel>
            <fieldentry>question_5</fieldentry>
          </qtimetadatafield>
        </qtimetadata>
      </itemmetadata>
      <presentation>
        <material>
          <mattext texttype="text/html">&lt;p&gt;The symbol x ∈ A means that x is an element of set A.&lt;/p&gt;</mattext>
        </material>
        <response_lid ident="response1" rcardinality="Single">
          <render_choice/>
        </response_lid>
      </presentation>
      <resprocessing>
        <outcomes>
          <decvar maxvalue="100" minvalue="0" varname="SCORE" vartype="Decimal"/>
        </outcomes>
      </resprocessing>
      <itemfeedback ident="correct_fb">
        <flow_mat>
          <material>
            <mattext texttype="text/html">&lt;p&gt;Correct!&lt;/p&gt;</mattext>
          </material>
        </flow_mat>
      </itemfeedback>
      <itemfeedback ident="general_fb">
        <flow_mat>
          <material>
            <mattext texttype="text/html">&lt;p&gt;Incorrect.&lt;/p&gt;</mattext>
          </material>
        </flow_mat>
      </itemfeedback>
    </item>
    <item ident="question_6_8a432b9a" title="Question 6">
      <itemmetadata>
        <qtimetadata>
          <qtimetadatafield>
            <fieldlabel>question_type</fieldlabel>
            <fieldentry>multiple_choice_question</fieldentry>
          </qtimetadatafield>
          <qtimetadatafield>
            <fieldlabel>points_possible</fieldlabel>
            <fieldentry>1.0</fieldentry>
          </qtimetadatafield>
          <qtimetadatafield>
            <fieldlabel>original_answer_ids</fieldlabel>
            <fieldentry/>
          </qtimetadatafield>
          <qtimetadatafield>
            <fieldlabel>assessment_question_identifierref</fieldlabel>
            <fieldentry>question_6</fieldentry>
          </qtimetadatafield>
        </qtimetadata>
      </itemmetadata>
      <presentation>
        <material>
          <mattext texttype="text/html">&lt;p&gt;A set can contain other sets as elements.&lt;/p&gt;</mattext>
        </material>
        <response_lid ident="response1" rcardinality="Single">
          <render_choice/>
        </response_lid>
      </presentation>
      <resprocessing>
        <outcomes>
          <decvar maxvalue="100" minvalue="0" varname="SCORE" vartype="Decimal"/>
        </outcomes>
      </resprocessing>
      <itemfeedback ident="correct_fb">
        <flow_mat>
          <material>
            <mattext texttype="text/html">&lt;p&gt;Correct!&lt;/p&gt;</mattext>
          </material>
        </flow_mat>
      </itemfeedback>
      <itemfeedback ident="general_fb">
        <flow_mat>
          <material>
            <mattext texttype="text/html">&lt;p&gt;Incorrect.&lt;/p&gt;</mattext>
          </material>
        </flow_mat>
      </itemfeedback>
    </item>
    <item ident="question_7_043af659" title="Question 7">
      <itemmetadata>
        <qtimetadata>
          <qtimetadatafield>
            <fieldlabel>question_type</fieldlabel>
            <fieldentry>multiple_choice_question</fieldentry>
          </qtimetadatafield>
          <qtimetadatafield>
            <fieldlabel>points_possible</fieldlabel>
            <fieldentry>1.0</fieldentry>
          </qtimetadatafield>
          <qtimetadatafield>
            <fieldlabel>original_answer_ids</fieldlabel>
            <fieldentry/>
          </qtimetadatafield>
          <qtimetadatafield>
            <fieldlabel>assessment_question_identifierref</fieldlabel>
            <fieldentry>question_7</fieldentry>
          </qtimetadatafield>
        </qtimetadata>
      </itemmetadata>
      <presentation>
        <material>
          <mattext texttype="text/html">&lt;p&gt;The symmetric difference A △ B contains elements that are in both A and B.&lt;/p&gt;</mattext>
        </material>
        <response_lid ident="response1" rcardinality="Single">
          <render_choice/>
        </response_lid>
      </presentation>
      <resprocessing>
        <outcomes>
          <decvar maxvalue="100" minvalue="0" varname="SCORE" vartype="Decimal"/>
        </outcomes>
      </resprocessing>
      <itemfeedback ident="correct_fb">
        <flow_mat>
          <material>
            <mattext texttype="text/html">&lt;p&gt;Correct!&lt;/p&gt;</mattext>
          </material>
        </flow_mat>
      </itemfeedback>
      <itemfeedback ident="general_fb">
        <flow_mat>
          <material>
            <mattext texttype="text/html">&lt;p&gt;Incorrect.&lt;/p&gt;</mattext>
          </material>
        </flow_mat>
      </itemfeedback>
    </item>
    <item ident="question_8_99efda96" title="Question 8">
      <itemmetadata>
        <qtimetadata>
          <qtimetadatafield>
            <fieldlabel>question_type</fieldlabel>
            <fieldentry>multiple_choice_question</fieldentry>
          </qtimetadatafield>
          <qtimetadatafield>
            <fieldlabel>points_possible</fieldlabel>
            <fieldentry>1.0</fieldentry>
          </qtimetadatafield>
          <qtimetadatafield>
            <fieldlabel>original_answer_ids</fieldlabel>
            <fieldentry/>
          </qtimetadatafield>
          <qtimetadatafield>
            <fieldlabel>assessment_question_identifierref</fieldlabel>
            <fieldentry>question_8</fieldentry>
          </qtimetadatafield>
        </qtimetadata>
      </itemmetadata>
      <presentation>
        <material>
          <mattext texttype="text/html">&lt;p&gt;The complement of set A (denoted A′) contains all elements from the universal set U that are not in A.&lt;/p&gt;</mattext>
        </material>
        <response_lid ident="response1" rcardinality="Single">
          <render_choice/>
        </response_lid>
      </presentation>
      <resprocessing>
        <outcomes>
          <decvar maxvalue="100" minvalue="0" varname="SCORE" vartype="Decimal"/>
        </outcomes>
      </resprocessing>
      <itemfeedback ident="correct_fb">
        <flow_mat>
          <material>
            <mattext texttype="text/html">&lt;p&gt;Correct!&lt;/p&gt;</mattext>
          </material>
        </flow_mat>
      </itemfeedback>
      <itemfeedback ident="general_fb">
        <flow_mat>
          <material>
            <mattext texttype="text/html">&lt;p&gt;Incorrect.&lt;/p&gt;</mattext>
          </material>
        </flow_mat>
      </itemfeedback>
    </item>
    <item ident="question_9_8baad098" title="Question 9">
      <itemmetadata>
        <qtimetadata>
          <qtimetadatafield>
            <fieldlabel>question_type</fieldlabel>
            <fieldentry>multiple_choice_question</fieldentry>
          </qtimetadatafield>
          <qtimetadatafield>
            <fieldlabel>points_possible</fieldlabel>
            <fieldentry>1.0</fieldentry>
          </qtimetadatafield>
          <qtimetadatafield>
            <fieldlabel>original_answer_ids</fieldlabel>
            <fieldentry/>
          </qtimetadatafield>
          <qtimetadatafield>
            <fieldlabel>assessment_question_identifierref</fieldlabel>
            <fieldentry>question_9</fieldentry>
          </qtimetadatafield>
        </qtimetadata>
      </itemmetadata>
      <presentation>
        <material>
          <mattext texttype="text/html">&lt;p&gt;For any two sets A and B, A ∪ B = B ∪ A (union is commutative).&lt;/p&gt;</mattext>
        </material>
        <response_lid ident="response1" rcardinality="Single">
          <render_choice/>
        </response_lid>
      </presentation>
      <resprocessing>
        <outcomes>
          <decvar maxvalue="100" minvalue="0" varname="SCORE" vartype="Decimal"/>
        </outcomes>
      </resprocessing>
      <itemfeedback ident="correct_fb">
        <flow_mat>
          <material>
            <mattext texttype="text/html">&lt;p&gt;Correct!&lt;/p&gt;</mattext>
          </material>
        </flow_mat>
      </itemfeedback>
      <itemfeedback ident="general_fb">
        <flow_mat>
          <material>
            <mattext texttype="text/html">&lt;p&gt;Incorrect.&lt;/p&gt;</mattext>
          </material>
        </flow_mat>
      </itemfeedback>
    </item>
    <item ident="question_10_521203a5" title="Question 10">
      <itemmetadata>
        <qtimetadata>
          <qtimetadatafield>
            <fieldlabel>question_type</fieldlabel>
            <fieldentry>multiple_choice_question</fieldentry>
          </qtimetadatafield>
          <qtimetadatafield>
            <fieldlabel>points_possible</fieldlabel>
            <fieldentry>1.0</fieldentry>
          </qtimetadatafield>
          <qtimetadatafield>
            <fieldlabel>original_answer_ids</fieldlabel>
            <fieldentry/>
          </qtimetadatafield>
          <qtimetadatafield>
            <fieldlabel>assessment_question_identifierref</fieldlabel>
            <fieldentry>question_10</fieldentry>
          </qtimetadatafield>
        </qtimetadata>
      </itemmetadata>
      <presentation>
        <material>
          <mattext texttype="text/html">&lt;p&gt;The notation |A| represents the complement of set A.&lt;/p&gt;</mattext>
        </material>
        <response_lid ident="response1" rcardinality="Single">
          <render_choice/>
        </response_lid>
      </presentation>
      <resprocessing>
        <outcomes>
          <decvar maxvalue="100" minvalue="0" varname="SCORE" vartype="Decimal"/>
        </outcomes>
      </resprocessing>
      <itemfeedback ident="correct_fb">
        <flow_mat>
          <material>
            <mattext texttype="text/html">&lt;p&gt;Correct!&lt;/p&gt;</mattext>
          </material>
        </flow_mat>
      </itemfeedback>
      <itemfeedback ident="general_fb">
        <flow_mat>
          <material>
            <mattext texttype="text/html">&lt;p&gt;Incorrect.&lt;/p&gt;</mattext>
          </material>
        </flow_mat>
      </itemfeedback>
    </item>
    <item ident="question_11_d2529cf1" title="Question 11">
      <itemmetadata>
        <qtimetadata>
          <qtimetadatafield>
            <fieldlabel>question_type</fieldlabel>
            <fieldentry>multiple_choice_question</fieldentry>
          </qtimetadatafield>
          <qtimetadatafield>
            <fieldlabel>points_possible</fieldlabel>
            <fieldentry>1.0</fieldentry>
          </qtimetadatafield>
          <qtimetadatafield>
            <fieldlabel>original_answer_ids</fieldlabel>
            <fieldentry/>
          </qtimetadatafield>
          <qtimetadatafield>
            <fieldlabel>assessment_question_identifierref</fieldlabel>
            <fieldentry>question_11</fieldentry>
          </qtimetadatafield>
        </qtimetadata>
      </itemmetadata>
      <presentation>
        <material>
          <mattext texttype="text/html">&lt;p&gt;Which of the following correctly represents &quot;x is not an element of set A&quot;?&lt;/p&gt;</mattext>
        </material>
        <response_lid ident="response1" rcardinality="Single">
          <render_choice/>
        </response_lid>
      </presentation>
      <resprocessing>
        <outcomes>
          <decvar maxvalue="100" minvalue="0" varname="SCORE" vartype="Decimal"/>
        </outcomes>
      </resprocessing>
      <itemfeedback ident="correct_fb">
        <flow_mat>
          <material>
            <mattext texttype="text/html">&lt;p&gt;Correct!&lt;/p&gt;</mattext>
          </material>
        </flow_mat>
      </itemfeedback>
      <itemfeedback ident="general_fb">
        <flow_mat>
          <material>
            <mattext texttype="text/html">&lt;p&gt;Incorrect.&lt;/p&gt;</mattext>
          </material>
        </flow_mat>
      </itemfeedback>
    </item>
    <item ident="question_12_7f3221d3" title="Question 12">
      <itemmetadata>
        <qtimetadata>
          <qtimetadatafield>
            <fieldlabel>question_type</fieldlabel>
            <fieldentry>multiple_choice_question</fieldentry>
          </qtimetadatafield>
          <qtimetadatafield>
            <fieldlabel>points_possible</fieldlabel>
            <fieldentry>1.0</fieldentry>
          </qtimetadatafield>
          <qtimetadatafield>
            <fieldlabel>original_answer_ids</fieldlabel>
            <fieldentry/>
          </qtimetadatafield>
          <qtimetadatafield>
            <fieldlabel>assessment_question_identifierref</fieldlabel>
            <fieldentry>question_12</fieldentry>
          </qtimetadatafield>
        </qtimetadata>
      </itemmetadata>
      <presentation>
        <material>
          <mattext texttype="text/html">&lt;p&gt;Given A = {1, 2, 3} and B = {2, 3, 4}, what is A ∩ B?&lt;/p&gt;</mattext>
        </material>
        <response_lid ident="response1" rcardinality="Single">
          <render_choice/>
        </response_lid>
      </presentation>
      <resprocessing>
        <outcomes>
          <decvar maxvalue="100" minvalue="0" varname="SCORE" vartype="Decimal"/>
        </outcomes>
      </resprocessing>
      <itemfeedback ident="correct_fb">
        <flow_mat>
          <material>
            <mattext texttype="text/html">&lt;p&gt;Correct!&lt;/p&gt;</mattext>
          </material>
        </flow_mat>
      </itemfeedback>
      <itemfeedback ident="general_fb">
        <flow_mat>
          <material>
            <mattext texttype="text/html">&lt;p&gt;Incorrect.&lt;/p&gt;</mattext>
          </material>
        </flow_mat>
      </itemfeedback>
    </item>
    <item ident="question_13_da6d5a14" title="Question 13">
      <itemmetadata>
        <qtimetadata>
          <qtimetadatafield>
            <fieldlabel>question_type</fieldlabel>
            <fieldentry>multiple_choice_question</fieldentry>
          </qtimetadatafield>
          <qtimetadatafield>
            <fieldlabel>points_possible</fieldlabel>
            <fieldentry>1.0</fieldentry>
          </qtimetadatafield>
          <qtimetadatafield>
            <fieldlabel>original_answer_ids</fieldlabel>
            <fieldentry/>
          </qtimetadatafield>
          <qtimetadatafield>
            <fieldlabel>assessment_question_identifierref</fieldlabel>
            <fieldentry>question_13</fieldentry>
          </qtimetadatafield>
        </qtimetadata>
      </itemmetadata>
      <presentation>
        <material>
          <mattext texttype="text/html">&lt;p&gt;What is another notation for the complement of set A besides A′?&lt;/p&gt;</mattext>
        </material>
        <response_lid ident="response1" rcardinality="Single">
          <render_choice/>
        </response_lid>
      </presentation>
      <resprocessing>
        <outcomes>
          <decvar maxvalue="100" minvalue="0" varname="SCORE" vartype="Decimal"/>
        </outcomes>
      </resprocessing>
      <itemfeedback ident="correct_fb">
        <flow_mat>
          <material>
            <mattext texttype="text/html">&lt;p&gt;Correct!&lt;/p&gt;</mattext>
          </material>
        </flow_mat>
      </itemfeedback>
      <itemfeedback ident="general_fb">
        <flow_mat>
          <material>
            <mattext texttype="text/html">&lt;p&gt;Incorrect.&lt;/p&gt;</mattext>
          </material>
        </flow_mat>
      </itemfeedback>
    </item>
    <item ident="question_14_ddf88ccd" title="Question 14">
      <itemmetadata>
        <qtimetadata>
          <qtimetadatafield>
            <fieldlabel>question_type</fieldlabel>
            <fieldentry>multiple_choice_question</fieldentry>
          </qtimetadatafield>
          <qtimetadatafield>
            <fieldlabel>points_possible</fieldlabel>
            <fieldentry>1.0</fieldentry>
          </qtimetadatafield>
          <qtimetadatafield>
            <fieldlabel>original_answer_ids</fieldlabel>
            <fieldentry/>
          </qtimetadatafield>
          <qtimetadatafield>
            <fieldlabel>assessment_question_identifierref</fieldlabel>
            <fieldentry>question_14</fieldentry>
          </qtimetadatafield>
        </qtimetadata>
      </itemmetadata>
      <presentation>
        <material>
          <mattext texttype="text/html">&lt;p&gt;If A = {a, b, c} and B = {a, b, c, d, e}, which statement is true?&lt;/p&gt;</mattext>
        </material>
        <response_lid ident="response1" rcardinality="Single">
          <render_choice/>
        </response_lid>
      </presentation>
      <resprocessing>
        <outcomes>
          <decvar maxvalue="100" minvalue="0" varname="SCORE" vartype="Decimal"/>
        </outcomes>
      </resprocessing>
      <itemfeedback ident="correct_fb">
        <flow_mat>
          <material>
            <mattext texttype="text/html">&lt;p&gt;Correct!&lt;/p&gt;</mattext>
          </material>
        </flow_mat>
      </itemfeedback>
      <itemfeedback ident="general_fb">
        <flow_mat>
          <material>
            <mattext texttype="text/html">&lt;p&gt;Incorrect.&lt;/p&gt;</mattext>
          </material>
        </flow_mat>
      </itemfeedback>
    </item>
    <item ident="question_15_6eed867d" title="Question 15">
      <itemmetadata>
        <qtimetadata>
          <qtimetadatafield>
            <fieldlabel>question_type</fieldlabel>
            <fieldentry>multiple_choice_question</fieldentry>
          </qtimetadatafield>
          <qtimetadatafield>
            <fieldlabel>points_possible</fieldlabel>
            <fieldentry>1.0</fieldentry>
          </qtimetadatafield>
          <qtimetadatafield>
            <fieldlabel>original_answer_ids</fieldlabel>
            <fieldentry/>
          </qtimetadatafield>
          <qtimetadatafield>
            <fieldlabel>assessment_question_identifierref</fieldlabel>
            <fieldentry>question_15</fieldentry>
          </qtimetadatafield>
        </qtimetadata>
      </itemmetadata>
      <presentation>
        <material>
          <mattext texttype="text/html">&lt;p&gt;The set difference A - B (also written A \ B) contains:&lt;/p&gt;</mattext>
        </material>
        <response_lid ident="response1" rcardinality="Single">
          <render_choice/>
        </response_lid>
      </presentation>
      <resprocessing>
        <outcomes>
          <decvar maxvalue="100" minvalue="0" varname="SCORE" vartype="Decimal"/>
        </outcomes>
      </resprocessing>
      <itemfeedback ident="correct_fb">
        <flow_mat>
          <material>
            <mattext texttype="text/html">&lt;p&gt;Correct!&lt;/p&gt;</mattext>
          </material>
        </flow_mat>
      </itemfeedback>
      <itemfeedback ident="general_fb">
        <flow_mat>
          <material>
            <mattext texttype="text/html">&lt;p&gt;Incorrect.&lt;/p&gt;</mattext>
          </material>
        </flow_mat>
      </itemfeedback>
    </item>
    <item ident="question_16_ad0f9df1" title="Question 16">
      <itemmetadata>
        <qtimetadata>
          <qtimetadatafield>
            <fieldlabel>question_type</fieldlabel>
            <fieldentry>multiple_choice_question</fieldentry>
          </qtimetadatafield>
          <qtimetadatafield>
            <fieldlabel>points_possible</fieldlabel>
            <fieldentry>1.0</fieldentry>
          </qtimetadatafield>
          <qtimetadatafield>
            <fieldlabel>original_answer_ids</fieldlabel>
            <fieldentry/>
          </qtimetadatafield>
          <qtimetadatafield>
            <fieldlabel>assessment_question_identifierref</fieldlabel>
            <fieldentry>question_16</fieldentry>
          </qtimetadatafield>
        </qtimetadata>
      </itemmetadata>
      <presentation>
        <material>
          <mattext texttype="text/html">&lt;p&gt;What is the cardinality of the empty set ∅?&lt;/p&gt;</mattext>
        </material>
        <response_lid ident="response1" rcardinality="Single">
          <render_choice/>
        </response_lid>
      </presentation>
      <resprocessing>
        <outcomes>
          <decvar maxvalue="100" minvalue="0" varname="SCORE" vartype="Decimal"/>
        </outcomes>
      </resprocessing>
      <itemfeedback ident="correct_fb">
        <flow_mat>
          <material>
            <mattext texttype="text/html">&lt;p&gt;Correct!&lt;/p&gt;</mattext>
          </material>
        </flow_mat>
      </itemfeedback>
      <itemfeedback ident="general_fb">
        <flow_mat>
          <material>
            <mattext texttype="text/html">&lt;p&gt;Incorrect.&lt;/p&gt;</mattext>
          </material>
        </flow_mat>
      </itemfeedback>
    </item>
    <item ident="question_17_16a620a4" title="Question 17">
      <itemmetadata>
        <qtimetadata>
          <qtimetadatafield>
            <fieldlabel>question_type</fieldlabel>
            <fieldentry>multiple_choice_question</fieldentry>
          </qtimetadatafield>
          <qtimetadatafield>
            <fieldlabel>points_possible</fieldlabel>
            <fieldentry>1.0</fieldentry>
          </qtimetadatafield>
          <qtimetadatafield>
            <fieldlabel>original_answer_ids</fieldlabel>
            <fieldentry/>
          </qtimetadatafield>
          <qtimetadatafield>
            <fieldlabel>assessment_question_identifierref</fieldlabel>
            <fieldentry>question_17</fieldentry>
          </qtimetadatafield>
        </qtimetadata>
      </itemmetadata>
      <presentation>
        <material>
          <mattext texttype="text/html">&lt;p&gt;Given sets A = {1, 2, 3} and B = {3, 4, 5}, what is A ∪ B?&lt;/p&gt;</mattext>
        </material>
        <response_lid ident="response1" rcardinality="Single">
          <render_choice/>
        </response_lid>
      </presentation>
      <resprocessing>
        <outcomes>
          <decvar maxvalue="100" minvalue="0" varname="SCORE" vartype="Decimal"/>
        </outcomes>
      </resprocessing>
      <itemfeedback ident="correct_fb">
        <flow_mat>
          <material>
            <mattext texttype="text/html">&lt;p&gt;Correct!&lt;/p&gt;</mattext>
          </material>
        </flow_mat>
      </itemfeedback>
      <itemfeedback ident="general_fb">
        <flow_mat>
          <material>
            <mattext texttype="text/html">&lt;p&gt;Incorrect.&lt;/p&gt;</mattext>
          </material>
        </flow_mat>
      </itemfeedback>
    </item>
    <item ident="question_18_012de9ca" title="Question 18">
      <itemmetadata>
        <qtimetadata>
          <qtimetadatafield>
            <fieldlabel>question_type</fieldlabel>
            <fieldentry>multiple_choice_question</fieldentry>
          </qtimetadatafield>
          <qtimetadatafield>
            <fieldlabel>points_possible</fieldlabel>
            <fieldentry>1.0</fieldentry>
          </qtimetadatafield>
          <qtimetadatafield>
            <fieldlabel>original_answer_ids</fieldlabel>
            <fieldentry/>
          </qtimetadatafield>
          <qtimetadatafield>
            <fieldlabel>assessment_question_identifierref</fieldlabel>
            <fieldentry>question_18</fieldentry>
          </qtimetadatafield>
        </qtimetadata>
      </itemmetadata>
      <presentation>
        <material>
          <mattext texttype="text/html">&lt;p&gt;Which symbol represents the symmetric difference of two sets?&lt;/p&gt;</mattext>
        </material>
        <response_lid ident="response1" rcardinality="Single">
          <render_choice/>
        </response_lid>
      </presentation>
      <resprocessing>
        <outcomes>
          <decvar maxvalue="100" minvalue="0" varname="SCORE" vartype="Decimal"/>
        </outcomes>
      </resprocessing>
      <itemfeedback ident="correct_fb">
        <flow_mat>
          <material>
            <mattext texttype="text/html">&lt;p&gt;Correct!&lt;/p&gt;</mattext>
          </material>
        </flow_mat>
      </itemfeedback>
      <itemfeedback ident="general_fb">
        <flow_mat>
          <material>
            <mattext texttype="text/html">&lt;p&gt;Incorrect.&lt;/p&gt;</mattext>
          </material>
        </flow_mat>
      </itemfeedback>
    </item>
    <item ident="question_19_e2f17144" title="Question 19">
      <itemmetadata>
        <qtimetadata>
          <qtimetadatafield>
            <fieldlabel>question_type</fieldlabel>
            <fieldentry>multiple_choice_question</fieldentry>
          </qtimetadatafield>
          <qtimetadatafield>
            <fieldlabel>points_possible</fieldlabel>
            <fieldentry>1.0</fieldentry>
          </qtimetadatafield>
          <qtimetadatafield>
            <fieldlabel>original_answer_ids</fieldlabel>
            <fieldentry/>
          </qtimetadatafield>
          <qtimetadatafield>
            <fieldlabel>assessment_question_identifierref</fieldlabel>
            <fieldentry>question_19</fieldentry>
          </qtimetadatafield>
        </qtimetadata>
      </itemmetadata>
      <presentation>
        <material>
          <mattext texttype="text/html">&lt;p&gt;For sets A and B, if every element of A is also in B, we write:&lt;/p&gt;</mattext>
        </material>
        <response_lid ident="response1" rcardinality="Single">
          <render_choice/>
        </response_lid>
      </presentation>
      <resprocessing>
        <outcomes>
          <decvar maxvalue="100" minvalue="0" varname="SCORE" vartype="Decimal"/>
        </outcomes>
      </resprocessing>
      <itemfeedback ident="correct_fb">
        <flow_mat>
          <material>
            <mattext texttype="text/html">&lt;p&gt;Correct!&lt;/p&gt;</mattext>
          </material>
        </flow_mat>
      </itemfeedback>
      <itemfeedback ident="general_fb">
        <flow_mat>
          <material>
            <mattext texttype="text/html">&lt;p&gt;Incorrect.&lt;/p&gt;</mattext>
          </material>
        </flow_mat>
      </itemfeedback>
    </item>
    <item ident="question_20_f21141a1" title="Question 20">
      <itemmetadata>
        <qtimetadata>
          <qtimetadatafield>
            <fieldlabel>question_type</fieldlabel>
            <fieldentry>multiple_choice_question</fieldentry>
          </qtimetadatafield>
          <qtimetadatafield>
            <fieldlabel>points_possible</fieldlabel>
            <fieldentry>1.0</fieldentry>
          </qtimetadatafield>
          <qtimetadatafield>
            <fieldlabel>original_answer_ids</fieldlabel>
            <fieldentry/>
          </qtimetadatafield>
          <qtimetadatafield>
            <fieldlabel>assessment_question_identifierref</fieldlabel>
            <fieldentry>question_20</fieldentry>
          </qtimetadatafield>
        </qtimetadata>
      </itemmetadata>
      <presentation>
        <material>
          <mattext texttype="text/html">&lt;p&gt;If A = {1, 1, 2, 2, 3}, after simplification, what is |A|?&lt;/p&gt;</mattext>
        </material>
        <response_lid ident="response1" rcardinality="Single">
          <render_choice/>
        </response_lid>
      </presentation>
      <resprocessing>
        <outcomes>
          <decvar maxvalue="100" minvalue="0" varname="SCORE" vartype="Decimal"/>
        </outcomes>
      </resprocessing>
      <itemfeedback ident="correct_fb">
        <flow_mat>
          <material>
            <mattext texttype="text/html">&lt;p&gt;Correct!&lt;/p&gt;</mattext>
          </material>
        </flow_mat>
      </itemfeedback>
      <itemfeedback ident="general_fb">
        <flow_mat>
          <material>
            <mattext texttype="text/html">&lt;p&gt;Incorrect.&lt;/p&gt;</mattext>
          </material>
        </flow_mat>
      </itemfeedback>
    </item>
    <item ident="question_21_a242ab8a" title="Question 21">
      <itemmetadata>
        <qtimetadata>
          <qtimetadatafield>
            <fieldlabel>question_type</fieldlabel>
            <fieldentry>multiple_choice_question</fieldentry>
          </qtimetadatafield>
          <qtimetadatafield>
            <fieldlabel>points_possible</fieldlabel>
            <fieldentry>1.0</fieldentry>
          </qtimetadatafield>
          <qtimetadatafield>
            <fieldlabel>original_answer_ids</fieldlabel>
            <fieldentry/>
          </qtimetadatafield>
          <qtimetadatafield>
            <fieldlabel>assessment_question_identifierref</fieldlabel>
            <fieldentry>question_21</fieldentry>
          </qtimetadatafield>
        </qtimetadata>
      </itemmetadata>
      <presentation>
        <material>
          <mattext texttype="text/html">&lt;p&gt;Define what makes a collection of elements a &quot;well-defined&quot; set.&lt;/p&gt;</mattext>
        </material>
        <response_lid ident="response1" rcardinality="Single">
          <render_choice/>
        </response_lid>
      </presentation>
      <resprocessing>
        <outcomes>
          <decvar maxvalue="100" minvalue="0" varname="SCORE" vartype="Decimal"/>
        </outcomes>
      </resprocessing>
      <itemfeedback ident="correct_fb">
        <flow_mat>
          <material>
            <mattext texttype="text/html">&lt;p&gt;Correct!&lt;/p&gt;</mattext>
          </material>
        </flow_mat>
      </itemfeedback>
      <itemfeedback ident="general_fb">
        <flow_mat>
          <material>
            <mattext texttype="text/html">&lt;p&gt;Incorrect.&lt;/p&gt;</mattext>
          </material>
        </flow_mat>
      </itemfeedback>
    </item>
    <item ident="question_22_1ee93004" title="Question 22">
      <itemmetadata>
        <qtimetadata>
          <qtimetadatafield>
            <fieldlabel>question_type</fieldlabel>
            <fieldentry>multiple_choice_question</fieldentry>
          </qtimetadatafield>
          <qtimetadatafield>
            <fieldlabel>points_possible</fieldlabel>
            <fieldentry>1.0</fieldentry>
          </qtimetadatafield>
          <qtimetadatafield>
            <fieldlabel>original_answer_ids</fieldlabel>
            <fieldentry/>
          </qtimetadatafield>
          <qtimetadatafield>
            <fieldlabel>assessment_question_identifierref</fieldlabel>
            <fieldentry>question_22</fieldentry>
          </qtimetadatafield>
        </qtimetadata>
      </itemmetadata>
      <presentation>
        <material>
          <mattext texttype="text/html">&lt;p&gt;Given A = {2, 4, 6} and B = {4, 6, 8}, calculate A △ B (symmetric difference).&lt;/p&gt;</mattext>
        </material>
        <response_lid ident="response1" rcardinality="Single">
          <render_choice/>
        </response_lid>
      </presentation>
      <resprocessing>
        <outcomes>
          <decvar maxvalue="100" minvalue="0" varname="SCORE" vartype="Decimal"/>
        </outcomes>
      </resprocessing>
      <itemfeedback ident="correct_fb">
        <flow_mat>
          <material>
            <mattext texttype="text/html">&lt;p&gt;Correct!&lt;/p&gt;</mattext>
          </material>
        </flow_mat>
      </itemfeedback>
      <itemfeedback ident="general_fb">
        <flow_mat>
          <material>
            <mattext texttype="text/html">&lt;p&gt;Incorrect.&lt;/p&gt;</mattext>
          </material>
        </flow_mat>
      </itemfeedback>
    </item>
    <item ident="question_23_f335962f" title="Question 23">
      <itemmetadata>
        <qtimetadata>
          <qtimetadatafield>
            <fieldlabel>question_type</fieldlabel>
            <fieldentry>multiple_choice_question</fieldentry>
          </qtimetadatafield>
          <qtimetadatafield>
            <fieldlabel>points_possible</fieldlabel>
            <fieldentry>1.0</fieldentry>
          </qtimetadatafield>
          <qtimetadatafield>
            <fieldlabel>original_answer_ids</fieldlabel>
            <fieldentry/>
          </qtimetadatafield>
          <qtimetadatafield>
            <fieldlabel>assessment_question_identifierref</fieldlabel>
            <fieldentry>question_23</fieldentry>
          </qtimetadatafield>
        </qtimetadata>
      </itemmetadata>
      <presentation>
        <material>
          <mattext texttype="text/html">&lt;p&gt;Explain the difference between ⊂ (proper subset) and ⊆ (subset).&lt;/p&gt;</mattext>
        </material>
        <response_lid ident="response1" rcardinality="Single">
          <render_choice/>
        </response_lid>
      </presentation>
      <resprocessing>
        <outcomes>
          <decvar maxvalue="100" minvalue="0" varname="SCORE" vartype="Decimal"/>
        </outcomes>
      </resprocessing>
      <itemfeedback ident="correct_fb">
        <flow_mat>
          <material>
            <mattext texttype="text/html">&lt;p&gt;Correct!&lt;/p&gt;</mattext>
          </material>
        </flow_mat>
      </itemfeedback>
      <itemfeedback ident="general_fb">
        <flow_mat>
          <material>
            <mattext texttype="text/html">&lt;p&gt;Incorrect.&lt;/p&gt;</mattext>
          </material>
        </flow_mat>
      </itemfeedback>
    </item>
    <item ident="question_24_abd62ba6" title="Question 24">
      <itemmetadata>
        <qtimetadata>
          <qtimetadatafield>
            <fieldlabel>question_type</fieldlabel>
            <fieldentry>multiple_choice_question</fieldentry>
          </qtimetadatafield>
          <qtimetadatafield>
            <fieldlabel>points_possible</fieldlabel>
            <fieldentry>1.0</fieldentry>
          </qtimetadatafield>
          <qtimetadatafield>
            <fieldlabel>original_answer_ids</fieldlabel>
            <fieldentry/>
          </qtimetadatafield>
          <qtimetadatafield>
            <fieldlabel>assessment_question_identifierref</fieldlabel>
            <fieldentry>question_24</fieldentry>
          </qtimetadatafield>
        </qtimetadata>
      </itemmetadata>
      <presentation>
        <material>
          <mattext texttype="text/html">&lt;p&gt;If the universal set U = {1, 2, 3, 4, 5} and A = {1, 3, 5}, what is A′?&lt;/p&gt;</mattext>
        </material>
        <response_lid ident="response1" rcardinality="Single">
          <render_choice/>
        </response_lid>
      </presentation>
      <resprocessing>
        <outcomes>
          <decvar maxvalue="100" minvalue="0" varname="SCORE" vartype="Decimal"/>
        </outcomes>
      </resprocessing>
      <itemfeedback ident="correct_fb">
        <flow_mat>
          <material>
            <mattext texttype="text/html">&lt;p&gt;Correct!&lt;/p&gt;</mattext>
          </material>
        </flow_mat>
      </itemfeedback>
      <itemfeedback ident="general_fb">
        <flow_mat>
          <material>
            <mattext texttype="text/html">&lt;p&gt;Incorrect.&lt;/p&gt;</mattext>
          </material>
        </flow_mat>
      </itemfeedback>
    </item>
    <item ident="question_25_39656b3e" title="Question 25">
      <itemmetadata>
        <qtimetadata>
          <qtimetadatafield>
            <fieldlabel>question_type</fieldlabel>
            <fieldentry>multiple_choice_question</fieldentry>
          </qtimetadatafield>
          <qtimetadatafield>
            <fieldlabel>points_possible</fieldlabel>
            <fieldentry>1.0</fieldentry>
          </qtimetadatafield>
          <qtimetadatafield>
            <fieldlabel>original_answer_ids</fieldlabel>
            <fieldentry/>
          </qtimetadatafield>
          <qtimetadatafield>
            <fieldlabel>assessment_question_identifierref</fieldlabel>
            <fieldentry>question_25</fieldentry>
          </qtimetadatafield>
        </qtimetadata>
      </itemmetadata>
      <presentation>
        <material>
          <mattext texttype="text/html">&lt;p&gt;Write the set {x, x, y, z, z, z} without duplicates and find its cardinality.&lt;/p&gt;</mattext>
        </material>
        <response_lid ident="response1" rcardinality="Single">
          <render_choice/>
        </response_lid>
      </presentation>
      <resprocessing>
        <outcomes>
          <decvar maxvalue="100" minvalue="0" varname="SCORE" vartype="Decimal"/>
        </outcomes>
      </resprocessing>
      <itemfeedback ident="correct_fb">
        <flow_mat>
          <material>
            <mattext texttype="text/html">&lt;p&gt;Correct!&lt;/p&gt;</mattext>
          </material>
        </flow_mat>
      </itemfeedback>
      <itemfeedback ident="general_fb">
        <flow_mat>
          <material>
            <mattext texttype="text/html">&lt;p&gt;Incorrect.&lt;/p&gt;</mattext>
          </material>
        </flow_mat>
      </itemfeedback>
    </item>
    <item ident="question_26_6a5d427e" title="Question 26">
      <itemmetadata>
        <qtimetadata>
          <qtimetadatafield>
            <fieldlabel>question_type</fieldlabel>
            <fieldentry>multiple_choice_question</fieldentry>
          </qtimetadatafield>
          <qtimetadatafield>
            <fieldlabel>points_possible</fieldlabel>
            <fieldentry>1.0</fieldentry>
          </qtimetadatafield>
          <qtimetadatafield>
            <fieldlabel>original_answer_ids</fieldlabel>
            <fieldentry/>
          </qtimetadatafield>
          <qtimetadatafield>
            <fieldlabel>assessment_question_identifierref</fieldlabel>
            <fieldentry>question_26</fieldentry>
          </qtimetadatafield>
        </qtimetadata>
      </itemmetadata>
      <presentation>
        <material>
          <mattext texttype="text/html">&lt;p&gt;Given sets A = {1, 2, 3} and B = {2, 3, 4}, calculate A - B.&lt;/p&gt;</mattext>
        </material>
        <response_lid ident="response1" rcardinality="Single">
          <render_choice/>
        </response_lid>
      </presentation>
      <resprocessing>
        <outcomes>
          <decvar maxvalue="100" minvalue="0" varname="SCORE" vartype="Decimal"/>
        </outcomes>
      </resprocessing>
      <itemfeedback ident="correct_fb">
        <flow_mat>
          <material>
            <mattext texttype="text/html">&lt;p&gt;Correct!&lt;/p&gt;</mattext>
          </material>
        </flow_mat>
      </itemfeedback>
      <itemfeedback ident="general_fb">
        <flow_mat>
          <material>
            <mattext texttype="text/html">&lt;p&gt;Incorrect.&lt;/p&gt;</mattext>
          </material>
        </flow_mat>
      </itemfeedback>
    </item>
    <item ident="question_27_4709368c" title="Question 27">
      <itemmetadata>
        <qtimetadata>
          <qtimetadatafield>
            <fieldlabel>question_type</fieldlabel>
            <fieldentry>multiple_choice_question</fieldentry>
          </qtimetadatafield>
          <qtimetadatafield>
            <fieldlabel>points_possible</fieldlabel>
            <fieldentry>1.0</fieldentry>
          </qtimetadatafield>
          <qtimetadatafield>
            <fieldlabel>original_answer_ids</fieldlabel>
            <fieldentry/>
          </qtimetadatafield>
          <qtimetadatafield>
            <fieldlabel>assessment_question_identifierref</fieldlabel>
            <fieldentry>question_27</fieldentry>
          </qtimetadatafield>
        </qtimetadata>
      </itemmetadata>
      <presentation>
        <material>
          <mattext texttype="text/html">&lt;p&gt;List all the subsets, including the empty set, for the set {a, b}. &lt;/p&gt;</mattext>
        </material>
        <response_lid ident="response1" rcardinality="Single">
          <render_choice/>
        </response_lid>
      </presentation>
      <resprocessing>
        <outcomes>
          <decvar maxvalue="100" minvalue="0" varname="SCORE" vartype="Decimal"/>
        </outcomes>
      </resprocessing>
      <itemfeedback ident="correct_fb">
        <flow_mat>
          <material>
            <mattext texttype="text/html">&lt;p&gt;Correct!&lt;/p&gt;</mattext>
          </material>
        </flow_mat>
      </itemfeedback>
      <itemfeedback ident="general_fb">
        <flow_mat>
          <material>
            <mattext texttype="text/html">&lt;p&gt;Incorrect.&lt;/p&gt;</mattext>
          </material>
        </flow_mat>
      </itemfeedback>
    </item>
    <item ident="question_28_3ca3c5ff" title="Question 28">
      <itemmetadata>
        <qtimetadata>
          <qtimetadatafield>
            <fieldlabel>question_type</fieldlabel>
            <fieldentry>multiple_choice_question</fieldentry>
          </qtimetadatafield>
          <qtimetadatafield>
            <fieldlabel>points_possible</fieldlabel>
            <fieldentry>1.0</fieldentry>
          </qtimetadatafield>
          <qtimetadatafield>
            <fieldlabel>original_answer_ids</fieldlabel>
            <fieldentry/>
          </qtimetadatafield>
          <qtimetadatafield>
            <fieldlabel>assessment_question_identifierref</fieldlabel>
            <fieldentry>question_28</fieldentry>
          </qtimetadatafield>
        </qtimetadata>
      </itemmetadata>
      <presentation>
        <material>
          <mattext texttype="text/html">&lt;p&gt;If A ∩ B = ∅, what is the relationship between sets A and B called?&lt;/p&gt;</mattext>
        </material>
        <response_lid ident="response1" rcardinality="Single">
          <render_choice/>
        </response_lid>
      </presentation>
      <resprocessing>
        <outcomes>
          <decvar maxvalue="100" minvalue="0" varname="SCORE" vartype="Decimal"/>
        </outcomes>
      </resprocessing>
      <itemfeedback ident="correct_fb">
        <flow_mat>
          <material>
            <mattext texttype="text/html">&lt;p&gt;Correct!&lt;/p&gt;</mattext>
          </material>
        </flow_mat>
      </itemfeedback>
      <itemfeedback ident="general_fb">
        <flow_mat>
          <material>
            <mattext texttype="text/html">&lt;p&gt;Incorrect.&lt;/p&gt;</mattext>
          </material>
        </flow_mat>
      </itemfeedback>
    </item>
    <item ident="question_29_ec8933d0" title="Question 29">
      <itemmetadata>
        <qtimetadata>
          <qtimetadatafield>
            <fieldlabel>question_type</fieldlabel>
            <fieldentry>multiple_choice_question</fieldentry>
          </qtimetadatafield>
          <qtimetadatafield>
            <fieldlabel>points_possible</fieldlabel>
            <fieldentry>1.0</fieldentry>
          </qtimetadatafield>
          <qtimetadatafield>
            <fieldlabel>original_answer_ids</fieldlabel>
            <fieldentry/>
          </qtimetadatafield>
          <qtimetadatafield>
            <fieldlabel>assessment_question_identifierref</fieldlabel>
            <fieldentry>question_29</fieldentry>
          </qtimetadatafield>
        </qtimetadata>
      </itemmetadata>
      <presentation>
        <material>
          <mattext texttype="text/html">&lt;p&gt;Given A = {1, 3, 5, 7} and B = {1, 2, 3, 4, 5, 6, 7}, determine if A ⊂ B, A ⊆ B, or neither. Explain.&lt;/p&gt;</mattext>
        </material>
        <response_lid ident="response1" rcardinality="Single">
          <render_choice/>
        </response_lid>
      </presentation>
      <resprocessing>
        <outcomes>
          <decvar maxvalue="100" minvalue="0" varname="SCORE" vartype="Decimal"/>
        </outcomes>
      </resprocessing>
      <itemfeedback ident="correct_fb">
        <flow_mat>
          <material>
            <mattext texttype="text/html">&lt;p&gt;Correct!&lt;/p&gt;</mattext>
          </material>
        </flow_mat>
      </itemfeedback>
      <itemfeedback ident="general_fb">
        <flow_mat>
          <material>
            <mattext texttype="text/html">&lt;p&gt;Incorrect.&lt;/p&gt;</mattext>
          </material>
        </flow_mat>
      </itemfeedback>
    </item>
    <item ident="question_30_f6d79592" title="Question 30">
      <itemmetadata>
        <qtimetadata>
          <qtimetadatafield>
            <fieldlabel>question_type</fieldlabel>
            <fieldentry>multiple_choice_question</fieldentry>
          </qtimetadatafield>
          <qtimetadatafield>
            <fieldlabel>points_possible</fieldlabel>
            <fieldentry>1.0</fieldentry>
          </qtimetadatafield>
          <qtimetadatafield>
            <fieldlabel>original_answer_ids</fieldlabel>
            <fieldentry/>
          </qtimetadatafield>
          <qtimetadatafield>
            <fieldlabel>assessment_question_identifierref</fieldlabel>
            <fieldentry>question_30</fieldentry>
          </qtimetadatafield>
        </qtimetadata>
      </itemmetadata>
      <presentation>
        <material>
          <mattext texttype="text/html">&lt;p&gt;Explain why the set {∅} is different from the empty set ∅.&lt;/p&gt;</mattext>
        </material>
        <response_lid ident="response1" rcardinality="Single">
          <render_choice/>
        </response_lid>
      </presentation>
      <resprocessing>
        <outcomes>
          <decvar maxvalue="100" minvalue="0" varname="SCORE" vartype="Decimal"/>
        </outcomes>
      </resprocessing>
      <itemfeedback ident="correct_fb">
        <flow_mat>
          <material>
            <mattext texttype="text/html">&lt;p&gt;Correct!&lt;/p&gt;</mattext>
          </material>
        </flow_mat>
      </itemfeedback>
      <itemfeedback ident="general_fb">
        <flow_mat>
          <material>
            <mattext texttype="text/html">&lt;p&gt;Incorrect.&lt;/p&gt;</mattext>
          </material>
        </flow_mat>
      </itemfeedback>
    </item>
  </section>
</assessment>
